"Report (CI.csv)","CI.csv[00000]","CI.csv[00100]","CI.csv[00200]","CI.csv[00300]","CI.csv[00400]","CI.csv[00500]","CI.csv[00600]","CI.csv[00700]","CI.csv[00800]","CI.csv[00900]","CI.csv[01000]","CI.csv[01100]","CI.csv[01200]","CI.csv[01300]","CI.csv[01400]","CI.csv[01500]","CI.csv[01600]","CI.csv[01700]","CI.csv[01800]","CI.csv[01900]","CI.csv[02000]","CI.csv[02100]","CI.csv[02200]","CI.csv[02300]","CI.csv[02400]","CI.csv[02500]","CI.csv[02600]","CI.csv[02700]","CI.csv[02800]","CI.csv[02900]","CI.csv[03000]","CI.csv[03100]","CI.csv[03200]","CI.csv[03300]","CI.csv[03400]","CI.csv[03500]","CI.csv[03600]","CI.csv[03700]","CI.csv[03800]","CI.csv[03900]","CI.csv[04000]","CI.csv[04100]", , , , , , , , , , , , , , , , , , , , , , , , , , , , , , , , , , , , , , , ,"CI.csv[08100]", , ,"CI.csv[08400]", , ,"CI.csv[08700]"
"Line(00000)", ,"PART I - ANALYSIS OF CHANGES IN CAPITAL ASSET BALANCES"
"Line(00001)", , , , , ,"Acquisitions", , ,"Disposals", ,"Fully"
"Line(00002)", , , , ,"Beginning", , , ,"and","Ending","Depreciated"
"Line(00003)", , ,"Description", ,"Balances","Purchases","Donation","Total","Retirements","Balance","Assets"
"Line(00004)", , , , ,"1","2","3","4","5","6","7"
"Line(00005)","4090 (Cont.)", , ," FORM CMS-2552-10", , , , ,"08-11"
"Line(00006)","STATEMENT OF COSTS OF SERVICES", , , ," PROVIDER CCN:"," PERIOD:"," WORKSHEET A-8-1", ,""
"Line(00007)","FROM RELATED ORGANIZATIONS AND", , , , ," FROM ____________", , ,""
"Line(00008)","HOME OFFICE COSTS", , , ," ________________"," TO _______________", , ,""
"Line(00009)", , , , , , , , ,""
"Line(00010)","A. ","COSTS INCURRED AND ADJUSTMENTS REQUIRED AS A RESULT OF TRANSACTIONS WITH RELATED ORGANIZATIONS OR", , , , , , ,""
"Line(00011)", ,"CLAIMED HOME OFFICE COSTS:", , , , , , ,""
"Line(00012)", , , , , ,"Amount","Net", ,""
"Line(00013)", , , , ,"Amount of","included in","Adjustments","Wkst.",""
"Line(00014)", , , , ,"Allowable","Wkst. A","(col. 4 minus","A-7",""
"Line(00015)", ,"Line No.","Cost Center","Expense Items","Cost","column 5","col. 5) *","Ref.",""
"Line(00016)", ,"1","2","3","4","5","6","7",""
"Line(00017)","1 ", , , , , , , ,"1 "
"Line(00018)","08-11", , , ,"FORM CMS-2552-10", , , , , ,"         4090 (Cont.)"
"Line(00019)","PROVIDER-BASED PHYSICIANS ADJUSTMENTS", , , , ," PROVIDER CCN:", ," PERIOD:", ," WORKSHEET A-8-2",""
"Line(00020)", , , , , , , ," FROM ____________", , ,""
"Line(00021)", , , , , ," ________________", ," TO _______________", , ,""
"Line(00022)", , ,"Cost Center/", , , , ,"Physician/", ,"5 Percent of",""
"Line(00023)", ,"Wkst. A","Physician","Total","Professional","Provider","RCE","Provider","Unadjusted","Unadjusted",""
"Line(00024)", ,"Line #","Identifier","Remuneration","Component","Component","Amount","Component Hours","RCE Limit","RCE Limit",""
"Line(00025)", ,"1","2","3","4","5","6","7","8","9",""
"Line(00026)","1 ", , , , , , , , , ,"1 "
"Line(00027)","2 ", , , , , , , , , ,"2 "
"Line(00028)","3 ", , , , , , , , , ,"3 "
"Line(00029)","4 ", , , , , , , , , ,"4 "
"Line(00030)","5 ", , , , , , , , , ,"5 "
"Line(00031)","6 ", , , , , , , , , ,"6 "
"Line(00032)","7 ", , , , , , , , , ,"7 "
"Line(00033)","4090 (Cont.)", , ,"FORM CMS-2552-10", , , , ,"08-11", , , , ,""
"Line(00034)","REASONABLE COST DETERMINATION FOR THERAPY SERVICES", , , , ," PROVIDER CCN:"," PERIOD:","\" WORKSHEET A-8-3","\"", , , , , ,""
"Line(00035)","FURNISHED BY OUTSIDE SUPPLIERS", , , , , ," FROM ____________"," PARTS I & II", , , , , ,""
"Line(00036)", , , , , ," ________________"," TO _______________", , , , , , ,""
"Line(00037)","Check applicable box:", ,"      [ ] Occupational          [ ] Physical          [ ] Respiratory          [ ] Speech Pathology", , , , , , , , , , ,""
"Line(00038)", , , , , , , , , , , , , ,""
"Line(00039)","PART I - GENERAL INFORMATION", , , , , , , , , , , , ,""
"Line(00040)","1 "," Total number of weeks worked (excluding aides) (see instructions)", , , , , , ,"1 ", , , , ,""
"Line(00041)","2 "," Line 1 multiplied by 15 hours per week", , , , , , ,"2 ", , , , ,""
"Line(00042)","3 "," Number of unduplicated days in which supervisor or therapist was on provider site (see instructions)", , , , , , ,"3 ", , , , ,""
"Line(00043)","4 "," Number of unduplicated days in which therapy assistant was on provider site but neither supervisor nor therapist was on provider site (see instructions)", , , , , , ,"4 ", , , , ,""
"Line(00044)","5 "," Number of unduplicated offsite visits - supervisors or therapists (see instructions)", , , , , , ,"5 ", , , , ,""
"Line(00045)","6 "," Number of unduplicated offsite visits - therapy assistants (include only visits made by therapy assistant and on which", , , , , , ,"6 ", , , , ,""
"Line(00046)", ,"  supervisor and/or therapist was not present during the visit(s)) (see instructions)", , , , , , , , , , , ,""
"Line(00047)","7 "," Standard travel expense rate", , , , , , ,"7 ", , , , ,""
"Line(00048)","8 "," Optional travel expense rate per mile", , , , , , ,"8 ", , , , ,""
"Line(00049)", , , ,"Supervisors","dcr","Assistants","Aides","Trainees", , , , , ,""
"Line(00050)", , , ,"1","2","3","4","5", , , , , ,""
"Line(00051)","9 "," Total hours worked", , , , , , ,"9 ", , , , ,""
"Line(00052)","10 "," AHSEA (see instructions)", , , , , , ,"10 ", , , , ,""
"Line(00053)","11 ","\" Standard travel allowance (columns 1 and 2"," one-half of column 2","\"", , , , , , ,"11 ", , , , ,""
"Line(00054)", ,"\"  line 10; column 3"," one-half of column 3"," line 10)\"", , , , , , , , , , , ,""
"Line(00055)","12 "," Number of travel hours (see instructions)", , , , , , ,"12 ", , , , ,""
"Line(00056)","13 "," Number of miles driven (see instructions)", , , , , , ,"13 ", , , , ,""
"Line(00057)","08-11", , , ,"FORM CMS-2552-10", , , , , ,"4090 (Cont.)","4090 (Cont.)", , , ,"FORM CMS-2552-10", , , , , , , ,"08-11","08-11", , , ,"FORM CMS-2552-10", , , , , , ,"4090 (Cont.)", , , , , , , , , , , , , , , , , , , , , , , , , , , , , , , , , , , , , , , , , , , , , ,""
"Line(00058)","COST ALLOCATION - STATISTICAL BASIS", , , , ," PROVIDER CCN:", ," PERIOD:", ," WORKSHEET B-1", ,"COST ALLOCATION - STATISTICAL BASIS", , , , , , ," PROVIDER CCN:", ," PERIOD:", ," WORKSHEET B-1", ,"COST ALLOCATION - STATISTICAL BASIS", , , , , ," PROVIDER CCN:", ," PERIOD:", ," WORKSHEET B-1", , , , , , , , , , , , , , , , , , , , , , , , , , , , , , , , , , , , , , , , , , , , , , ,""
"Line(00059)", , , , , , , ," FROM ____________", , , , , , , , , , , , ," FROM ____________", , , , , , , , , , , ," FROM ____________", , , , , , , , , , , , , , , , , , , , , , , , , , , , , , , , , , , , , , , , , , , , , , , , ,""
"Line(00060)", , , , , ," ________________", ," TO _______________", ," ", , , , , , , , ," ________________", ," TO _______________", , , , , , , , , ," ________________", ," TO _______________", , , , , , , , , , , , , , , , , , , , , , , , , , , , , , , , , , , , , , , , , , , , , , , , ,""
"Line(00061)", , , ,"CAPITAL RELATED COST", ," ", ,"ADMINIS-","MAIN-", , , , ,"LAUNDRY", , , ,"MAIN-","NURSING","CENTRAL", ,"MEDICAL", , , , , ,"NON-", ,"INTERNS & RESIDENTS", ,"PARA-", ,"INTERN &", , , , , , , , , , , , , , , , , , , , , , , , , , , , , , , , , , , , , , , , , , , , , , , ,""
"Line(00062)", , , ,"BLDGS. &","MOVABLE","EMPLOYEE", ,"TRATIVE &","TENANCE &","OPERATION", , , ,"& LINEN","HOUSE-", , ,"TENANCE OF","ADMINIS-","SERVICES &", ,"RECORDS &","SOCIAL", , , ,"OTHER","PHYSICIAN","NURSING","SALARY AND","PROGRAM","MEDICAL", ,"RESIDENT ", , , , , , , , , , , , , , , , , , , , , , , , , , , , , , , , , , , , , , , , , , , , , , , ,""
"Line(00063)", , , ,"FIXTURES","EQUIPMENT","BENEFITS", ,"GENERAL","REPAIRS","OF PLANT", , , ,"SERVICE","KEEPING","DIETARY","CAFETERIA","PERSONNEL","TRATION","SUPPLY","PHARMACY","LIBRARY","SERVICE", , , ,"GENERAL","ANES-","SCHOOL","FRINGES","COSTS","EDUCATION", ,"COST & POST", , , , , , , , , , , , , , , , , , , , , , , , , , , , , , , , , , , , , , , , , , , , , , , ,""
"Line(00064)", ,"COST CENTER DESCRIPTIONS", ,"(SQUARE","(DOLLAR","(GROSS","RECONCIL-","(ACCUM.","(SQUARE","(SQUARE", , ,"COST CENTER DESCRIPTIONS","(POUNDS OF","(HOURS OF","(MEALS","(MEALS","(NUMBER","(DIRECT","(COSTED","(COSTED","(TIME","(TIME", , ,"COST CENTER DESCRIPTIONS","SERVICE","THETISTS","(ASSIGNED","(ASSIGNED","(ASSIGNED","(ASSIGNED", ,"STEPDOWN", , , , , , , , , , , , , , , , , , , , , , , , , , , , , , , , , , , , , , , , , , , , , , , ,""
"Line(00065)", , , ,"FEET)","VALUE)","SALARIES)","IATION","COST)","FEET)","FEET)", , , ,"LAUNDRY)","SERVICE)","SERVED)","SERVED)","HOUSED)","NURS. HRS)","REQUIS.)","REQUIS.)","SPENT)","SPENT)", , , ,"(SPECIFY)","(ASGND TIME)","TIME)","TIME)","TIME)","TIME)","SUBTOTAL"," ADJUSTMENTS","TOTAL", , , , , , , , , , , , , , , , , , , , , , , , , , , , , , , , , , , , , , , , , , , , , , ,""
"Line(00066)", , , ,"1 ","2 ","4 ","5A","5 ","6 ","7 ", , , ,"8 ","9 ","10 ","11 ","12 ","13 ","14 ","15 ","16 ","17 ", , , ,"18 ","19 ","20 ","21 ","22 ","23 ","24 ","25 ","26 ", , , , , , , , , , , , , , , , , , , , , , , , , , , , , , , , , , , , , , , , , , , , , , ,""
"Line(00067)", ,"GENERAL SERVICE COST CENTERS", ," "," "," "," "," "," "," ", , ,"GENERAL SERVICE COST CENTERS"," "," "," "," "," "," "," "," "," "," ", , ,"GENERAL SERVICE COST CENTERS"," "," "," "," "," "," "," "," "," ", , , , , , , , , , , , , , , , , , , , , , , , , , , , , , , , , , , , , , , , , , , , , , ,""
"Line(00068)","1 "," Capital Related Costs-Buildings and Fixtures", , ," "," ", , , , ,"1 ","1 "," Capital Related Costs-Buildings and Fixtures", , , , , , , , , , ,"1 ","1 "," Capital Related Costs-Buildings and Fixtures", , , , , , , , , ,"1 ", , , , , , , , , , , , , , , , , , , , , , , , , , , , , , , , , , , , , , , , , , , , , ,""
"Line(00069)","2 "," Capital Related Costs-Movable Equipment", ," ", ," ", , , , ,"2 ","2 "," Capital Related Costs-Movable Equipment", , , , , , , , , , ,"2 ","2 "," Capital Related Costs-Movable Equipment", , , , , , , , , ,"2 ", , , , , , , , , , , , , , , , , , , , , , , , , , , , , , , , , , , , , , , , , , , , , ,""
"Line(00070)","4 "," Employee Benefits", , , , , , , , ,"4 ","4 "," Employee Benefits", , , , , , , , , , ,"4 ","4 "," Employee Benefits", , , , , , , , , ,"4 ", , , , , , , , , , , , , , , , , , , , , , , , , , , , , , , , , , , , , , , , , , , , , ,""
"Line(00071)","5 "," Administrative and General", , , , , , , , ,"5 ","5 "," Administrative and General", , , , , , , , , , ,"5 ","5 "," Administrative and General", , , , , , , , , ,"5 ", , , , , , , , , , , , , , , , , , , , , , , , , , , , , , , , , , , , , , , , , , , , , ,""
"Line(00072)","6 "," Maintenance and Repairs", , , , , , , , ,"6 ","6 "," Maintenance and Repairs", , , , , , , , , , ,"6 ","6 "," Maintenance and Repairs", , , , , , , , , ,"6 ", , , , , , , , , , , , , , , , , , , , , , , , , , , , , , , , , , , , , , , , , , , , , ,""
"Line(00073)","7 "," Operation of Plant", , , , , , , , ,"7 ","7 "," Operation of Plant", , , , , , , , , , ,"7 ","7 "," Operation of Plant", , , , , , , , , ,"7 ", , , , , , , , , , , , , , , , , , , , , , , , , , , , , , , , , , , , , , , , , , , , , ,""
"Line(00074)","8 "," Laundry and Linen Service", , , , , , , , ,"8 ","8 "," Laundry and Linen Service", , , , , , , , , , ,"8 ","8 "," Laundry and Linen Service", , , , , , , , , ,"8 ", , , , , , , , , , , , , , , , , , , , , , , , , , , , , , , , , , , , , , , , , , , , , ,""
"Line(00075)","9 "," Housekeeping", , , , , , , , ,"9 ","9 "," Housekeeping", , , , , , , , , , ,"9 ","9 "," Housekeeping", , , , , , , , , ,"9 ", , , , , , , , , , , , , , , , , , , , , , , , , , , , , , , , , , , , , , , , , , , , , ,""
"Line(00076)","10 "," Dietary", , , , , , , , ,"10 ","10 "," Dietary", , , , , , , , , , ,"10 ","10 "," Dietary", , , , , , , , , ,"10 ", , , , , , , , , , , , , , , , , , , , , , , , , , , , , , , , , , , , , , , , , , , , , ,""
"Line(00077)","11 "," Cafeteria", , , , , , , , ,"11 ","11 "," Cafeteria", , , , , , , , , , ,"11 ","11 "," Cafeteria", , , , , , , , , ,"11 ", , , , , , , , , , , , , , , , , , , , , , , , , , , , , , , , , , , , , , , , , , , , , ,""
"Line(00078)","12 "," Maintenance of Personnel", , , , , , , , ,"12 ","12 "," Maintenance of Personnel", , , , , , , , , , ,"12 ","12 "," Maintenance of Personnel", , , , , , , , , ,"12 ", , , , , , , , , , , , , , , , , , , , , , , , , , , , , , , , , , , , , , , , , , , , , ,""
"Line(00079)","13 "," Nursing Administration", , , , , , , , ,"13 ","13 "," Nursing Administration", , , , , , , , , , ,"13 ","13 "," Nursing Administration", , , , , , , , , ,"13 ", , , , , , , , , , , , , , , , , , , , , , , , , , , , , , , , , , , , , , , , , , , , , ,""
"Line(00080)","14 "," Central Services and Supply", , , , , , , , ,"14 ","14 "," Central Services and Supply", , , , , , , , , , ,"14 ","14 "," Central Services and Supply", , , , , , , , , ,"14 ", , , , , , , , , , , , , , , , , , , , , , , , , , , , , , , , , , , , , , , , , , , , , ,""
"Line(00081)","15 "," Pharmacy", , , , , , , , ,"15 ","15 "," Pharmacy", , , , , , , , , , ,"15 ","15 "," Pharmacy", , , , , , , , , ,"15 ", , , , , , , , , , , , , , , , , , , , , , , , , , , , , , , , , , , , , , , , , , , , , ,""
"Line(00082)","16 "," Medical Records & Medical Records Library", , , , , , , , ,"16 ","16 "," Medical Records & Medical Records Library", , , , , , , , , , ,"16 ","16 "," Medical Records & Medical Records Library", , , , , , , , , ,"16 ", , , , , , , , , , , , , , , , , , , , , , , , , , , , , , , , , , , , , , , , , , , , , ,""
"Line(00083)","17 "," Social Service", , , , , , , , ,"17 ","17 "," Social Service", , , , , , , , , , ,"17 ","17 "," Social Service", , , , , , , , , ,"17 ", , , , , , , , , , , , , , , , , , , , , , , , , , , , , , , , , , , , , , , , , , , , , ,""
"Line(00084)","18 "," Other General Service (specify)", , , , , , , , ,"18 ","18 "," Other General Service (specify)", , , , , , , , , , ,"18 ","18 "," Other General Service (specify)", , , , , , , , , ,"18 ", , , , , , , , , , , , , , , , , , , , , , , , , , , , , , , , , , , , , , , , , , , , , ,""
"Line(00085)","19 "," Nonphysician Anesthetists", , , , , , , , ,"19 ","19 "," Nonphysician Anesthetists", , , , , , , , , , ,"19 ","19 "," Nonphysician Anesthetists", ," ", , , , , , , ,"19 ", , , , , , , , , , , , , , , , , , , , , , , , , , , , , , , , , , , , , , , , , , , , , ,""
"Line(00086)","20 "," Nursing School", , , , , , , , ,"20 ","20 "," Nursing School", , , , , , , , , , ,"20 ","20 "," Nursing School", ," ", , , , , , , ,"20 ", , , , , , , , , , , , , , , , , , , , , , , , , , , , , , , , , , , , , , , , , , , , , ,""
"Line(00087)","21 "," Intern & Res. Service-Salary & Fringes (Approved)", , , , , , , , ,"21 ","21 "," Intern & Res. Service-Salary & Fringes (Approved)", , , , , , , , , , ,"21 ","21 "," Intern & Res. Service-Salary & Fringes (Approved)", ," "," "," ", , , , , ,"21 ", , , , , , , , , , , , , , , , , , , , , , , , , , , , , , , , , , , , , , , , , , , , , ,""
"Line(00088)","22 "," Intern & Res. Other Program Costs (Approved)", , , , , , , , ,"22 ","22 "," Intern & Res. Other Program Costs (Approved)", , , , , , , , , , ,"22 ","22 "," Intern & Res. Other Program Costs (Approved)", ," "," "," "," ", , , , ,"22 ", , , , , , , , , , , , , , , , , , , , , , , , , , , , , , , , , , , , , , , , , , , , , ,""
"Line(00089)","23 "," Paramedical Education Program (specify) ", , , , , , , , ,"23 ","23 "," Paramedical Education Program (specify) ", , , , , , , , , , ,"23 ","23 "," Paramedical Education Program (specify) ", ," "," "," "," "," ", , , ,"23 ", , , , , , , , , , , , , , , , , , , , , , , , , , , , , , , , , , , , , , , , , , , , , ,""
"Line(00090)", ,"INPATIENT ROUTINE SERVICE COST CENTERS", ," "," "," "," "," "," "," ", , ,"INPATIENT ROUTINE SERVICE COST CENTERS"," "," "," "," "," "," "," "," "," "," ", , ,"INPATIENT ROUTINE SERVICE COST CENTERS"," "," "," "," "," "," "," "," "," ", , , , , , , , , , , , , , , , , , , , , , , , , , , , , , , , , , , , , , , , , , , , , , ,""
"Line(00091)","30 "," Adults and Pediatrics (General Routine Care)", , , , , , , , ,"30 ","30 "," Adults and Pediatrics (General Routine Care)", , , , , , , , , , ,"30 ","30 "," Adults and Pediatrics (General Routine Care)", ," ", , , , ," "," "," ","30 ", , , , , , , , , , , , , , , , , , , , , , , , , , , , , , , , , , , , , , , , , , , , , ,""
"Line(00092)","31 "," Intensive Care Unit", , , , , , , , ,"31 ","31 "," Intensive Care Unit", , , , , , , , , , ,"31 ","31 "," Intensive Care Unit", ," ", , , , ," "," "," ","31 ", , , , , , , , , , , , , , , , , , , , , , , , , , , , , , , , , , , , , , , , , , , , , ,""
"Line(00093)","32 "," Coronary Care Unit", , , , , , , , ,"32 ","32 "," Coronary Care Unit", , , , , , , , , , ,"32 ","32 "," Coronary Care Unit", ," ", , , , ," "," "," ","32 ", , , , , , , , , , , , , , , , , , , , , , , , , , , , , , , , , , , , , , , , , , , , , ,""
"Line(00094)","33 "," Burn Intensive Care Unit", , , , , , , , ,"33 ","33 "," Burn Intensive Care Unit", , , , , , , , , , ,"33 ","33 "," Burn Intensive Care Unit", ," ", , , , ," "," "," ","33 ", , , , , , , , , , , , , , , , , , , , , , , , , , , , , , , , , , , , , , , , , , , , , ,""
"Line(00095)","34 "," Surgical Intensive Care Unit", , , , , , , , ,"34 ","34 "," Surgical Intensive Care Unit", , , , , , , , , , ,"34 ","34 "," Surgical Intensive Care Unit", ," ", , , , ," "," "," ","34 ", , , , , , , , , , , , , , , , , , , , , , , , , , , , , , , , , , , , , , , , , , , , , ,""
"Line(00096)","35 "," Other Special Care Unit (specify)", , , , , , , , ,"35 ","35 "," Other Special Care Unit (specify)", , , , , , , , , , ,"35 ","35 "," Other Special Care Unit (specify)", ," ", , , , ," "," "," ","35 ", , , , , , , , , , , , , , , , , , , , , , , , , , , , , , , , , , , , , , , , , , , , , ,""
"Line(00097)","40 "," Subprovider IPF", , , , , , , , ,"40 ","40 "," Subprovider IPF", , , , , , , , , , ,"40 ","40 "," Subprovider IPF", ," ", , , , , , , ,"40 ", , , , , , , , , , , , , , , , , , , , , , , , , , , , , , , , , , , , , , , , , , , , , ,""
"Line(00098)","41 "," Subprovider IRF", , , , , , , , ,"41 ","41 "," Subprovider IRF", , , , , , , , , , ,"41 ","41 "," Subprovider IRF", ," ", , , , , , , ,"41 ", , , , , , , , , , , , , , , , , , , , , , , , , , , , , , , , , , , , , , , , , , , , , ,""
"Line(00099)","42 "," Subprovider (specify)", , , , , , , , ,"42 ","42 "," Subprovider (specify)", , , , , , , , , , ,"42 ","42 "," Subprovider (specify)", ," ", , , , ," "," "," ","42 ", , , , , , , , , , , , , , , , , , , , , , , , , , , , , , , , , , , , , , , , , , , , , ,""
"Line(00100)","43 "," Nursery", , , , , , , , ,"43 ","43 "," Nursery", , , , , , , , , , ,"43 ","43 "," Nursery", ," ", , , , ," "," "," ","43 ", , , , , , , , , , , , , , , , , , , , , , , , , , , , , , , , , , , , , , , , , , , , , ,""
"Line(00101)","44 "," Skilled Nursing Facility", , , , , , , , ,"44 ","44 "," Skilled Nursing Facility", , , , , , , , , , ,"44 ","44 "," Skilled Nursing Facility", ," ", , , , ," "," "," ","44 ", , , , , , , , , , , , , , , , , , , , , , , , , , , , , , , , , , , , , , , , , , , , , ,""
"Line(00102)","45 "," Nursing Facility", , , , , , , , ,"45 ","45 "," Nursing Facility", , , , , , , , , , ,"45 ","45 "," Nursing Facility", ," ", , , , ," "," "," ","45 ", , , , , , , , , , , , , , , , , , , , , , , , , , , , , , , , , , , , , , , , , , , , , ,""
"Line(00103)","46 "," Other Long Term Care", , , , , , , , ,"46 ","46 "," Other Long Term Care", , , , , , , , , , ,"46 ","46 "," Other Long Term Care", ," ", , , , ," "," "," ","46 ", , , , , , , , , , , , , , , , , , , , , , , , , , , , , , , , , , , , , , , , , , , , , ,""
"Line(00104)", , , , , , , , , , , , , , , , , , , , , , , , , , , , , , , , , , , , , , , , , , , , , , , , , , , , , , , , , , , , , , , , , , , , , , , , , , , , , , , , , ,""
"Line(00105)", , , , , , , , , , , , , , , , , , , , , , , , , , , , , , , , , , , , , , , , , , , , , , , , , , , , , , , , , , , , , , , , , , , , , , , , , , , , , , , , , ,""
"Line(00106)", , , , , , , , , , , , , , , , , , , , , , , , , , , , , , , , , , , , , , , , , , , , , , , , , , , , , , , , , , , , , , , , , , , , , , , , , , , , , , , , , ,""
"Line(00107)", , , , , , , , , , , , , , , , , , , , , , , , , , , , , , , , , , , , , , , , , , , , , , , , , , , , , , , , , , , , , , , , , , , , , , , , , , , , , , , , , ,""
"Line(00108)","\"FORM CMS-2552-10 (08/2011) (INSTRUCTIONS FOR THIS WORKSHEET ARE PUBLISHED IN CMS PUB. 15-II"," SECTION 4020)\"", , , , , , , , , , ,"\"FORM CMS-2552-10 (08/2011) (INSTRUCTIONS FOR THIS WORKSHEET ARE PUBLISHED IN CMS PUB. 15-II"," SECTION 4020)\"", , , , , , , , , , , , ,"\"FORM CMS-2552-10 (08/2011) (INSTRUCTIONS FOR THIS WORKSHEET ARE PUBLISHED IN CMS PUB. 15-II"," SECTION 4020)\"", , , , , , , , , , , , , , , , , , , , , , , , , , , , , , , , , , , , , , , , , , , , , , , , , , , , , , , , ,""
"Line(00109)","Rev. 2", , , , , , , , , ,"          40-553","40-556", , , , , , , , , , , ,"Rev. 2","Rev. 2", , , , , , , , , , ,"          40-559", , , , , , , , , , , , , , , , , , , , , , , , , , , , , , , , , , , , , , , , , , , , , ,""
"Line(00110)","4090 (Cont.)", , , ,"FORM CMS-2552-10", , , , , ,"08-11","08-11", , , ,"FORM CMS-2552-10", , , , , , , ,"4090 (Cont.)","4090 (Cont.)", , , ,"FORM CMS-2552-10", , , , , , ,"08-11", , , , , , , , , , , , , , , , , , , , , , , , , , , , , , , , , , , , , , , , , , , , , ,""
"Line(00111)","COST ALLOCATION - STATISTICAL BASIS", , , , ," PROVIDER CCN:", ," PERIOD:", ," WORKSHEET B-1", ,"COST ALLOCATION - STATISTICAL BASIS", , , , , , ," PROVIDER CCN:", ," PERIOD:", ," WORKSHEET B-1", ,"COST ALLOCATION - STATISTICAL BASIS", , , , , ," PROVIDER CCN:", ," PERIOD:", ," WORKSHEET B-1", , , , , , , , , , , , , , , , , , , , , , , , , , , , , , , , , , , , , , , , , , , , , , ,""
"Line(00112)", , , , , , , ," FROM ____________", , , , , , , , , , , , ," FROM ____________", , , , , , , , , , , ," FROM ____________", , , , , , , , , , , , , , , , , , , , , , , , , , , , , , , , , , , , , , , , , , , , , , , , ,""
"Line(00113)", , , , , ," ________________", ," TO _______________", ," ", , , , , , , , ," ________________", ," TO _______________", , , , , , , , , ," ________________", ," TO _______________", , , , , , , , , , , , , , , , , , , , , , , , , , , , , , , , , , , , , , , , , , , , , , , , ,""
"Line(00114)", , , ,"CAPITAL RELATED COST", ," ", ,"ADMINIS-","MAIN-", , , , ,"LAUNDRY", , , ,"MAIN-","NURSING","CENTRAL", ,"MEDICAL", , , , , ,"NON-", ,"INTERNS & RESIDENTS", ,"PARA-", ,"INTERN &", , , , , , , , , , , , , , , , , , , , , , , , , , , , , , , , , , , , , , , , , , , , , , , ,""
"Line(00115)", , , ,"BLDGS. &","MOVABLE","EMPLOYEE", ,"TRATIVE &","TENANCE &","OPERATION", , , ,"& LINEN","HOUSE-", , ,"TENANCE OF","ADMINIS-","SERVICES &", ,"RECORDS &","SOCIAL", , , ,"OTHER","PHYSICIAN","NURSING","SALARY AND","PROGRAM","MEDICAL", ,"RESIDENT ", , , , , , , , , , , , , , , , , , , , , , , , , , , , , , , , , , , , , , , , , , , , , , , ,""
"Line(00116)", , , ,"FIXTURES","EQUIPMENT","BENEFITS", ,"GENERAL","REPAIRS","OF PLANT", , , ,"SERVICE","KEEPING","DIETARY","CAFETERIA","PERSONNEL","TRATION","SUPPLY","PHARMACY","LIBRARY","SERVICE", , , ,"GENERAL","ANES-","SCHOOL","FRINGES","COSTS","EDUCATION", ,"COST & POST", , , , , , , , , , , , , , , , , , , , , , , , , , , , , , , , , , , , , , , , , , , , , , , ,""
"Line(00117)", ,"COST CENTER DESCRIPTIONS", ,"(SQUARE","(DOLLAR","(GROSS","RECONCIL-","(ACCUM.","(SQUARE","(SQUARE", , ,"COST CENTER DESCRIPTIONS","(POUNDS OF","(HOURS OF","(MEALS","(MEALS","(NUMBER","(DIRECT","(COSTED","(COSTED","(TIME","(TIME", , ,"COST CENTER DESCRIPTIONS","SERVICE","THETISTS","(ASSIGNED","(ASSIGNED","(ASSIGNED","(ASSIGNED", ,"STEPDOWN", , , , , , , , , , , , , , , , , , , , , , , , , , , , , , , , , , , , , , , , , , , , , , , ,""
"Line(00118)", , , ,"FEET)","VALUE)","SALARIES)","IATION","COST)","FEET)","FEET)", , , ,"LAUNDRY)","SERVICE)","SERVED)","SERVED)","HOUSED)","NURS. HRS)","REQUIS.)","REQUIS.)","SPENT)","SPENT)", , , ,"(SPECIFY)","(ASGND TIME)","TIME)","TIME)","TIME)","TIME)","SUBTOTAL"," ADJUSTMENTS","TOTAL", , , , , , , , , , , , , , , , , , , , , , , , , , , , , , , , , , , , , , , , , , , , , , ,""
"Line(00119)", , , ,"1 ","2 ","4 ","5A","5 ","6 ","7 ", , , ,"8 ","9 ","10 ","11 ","12 ","13 ","14 ","15 ","16 ","17 ", , , ,"18 ","19 ","20 ","21 ","22 ","23 ","24 ","25 ","26 ", , , , , , , , , , , , , , , , , , , , , , , , , , , , , , , , , , , , , , , , , , , , , , ,""
"Line(00120)", ,"ANCILLARY SERVICE COST CENTERS", ," "," "," "," "," "," "," ", , ,"ANCILLARY SERVICE COST CENTERS"," "," "," "," "," "," "," "," "," "," ", , ,"ANCILLARY SERVICE COST CENTERS"," "," "," "," "," "," "," "," "," ", , , , , , , , , , , , , , , , , , , , , , , , , , , , , , , , , , , , , , , , , , , , , , ,""
"Line(00121)","50 "," Operating Room", , , , , , , , ,"50 ","50 "," Operating Room", , , , , , , , , , ,"50 ","50 "," Operating Room", , , , , , ," "," "," ","50 ", , , , , , , , , , , , , , , , , , , , , , , , , , , , , , , , , , , , , , , , , , , , , ,""
"Line(00122)","51 "," Recovery Room", , , , , , , , ,"51 ","51 "," Recovery Room", , , , , , , , , , ,"51 ","51 "," Recovery Room", , , , , , ," "," "," ","51 ", , , , , , , , , , , , , , , , , , , , , , , , , , , , , , , , , , , , , , , , , , , , , ,""
"Line(00123)","52 "," Labor Room and Delivery Room", , , , , , , , ,"52 ","52 "," Labor Room and Delivery Room", , , , , , , , , , ,"52 ","52 "," Labor Room and Delivery Room", , , , , , ," "," "," ","52 ", , , , , , , , , , , , , , , , , , , , , , , , , , , , , , , , , , , , , , , , , , , , , ,""
"Line(00124)","53 "," Anesthesiology", , , , , , , , ,"53 ","53 "," Anesthesiology", , , , , , , , , , ,"53 ","53 "," Anesthesiology", , , , , , ," "," "," ","53 ", , , , , , , , , , , , , , , , , , , , , , , , , , , , , , , , , , , , , , , , , , , , , ,""
"Line(00125)","54 "," Radiology-Diagnostic", , , , , , , , ,"54 ","54 "," Radiology-Diagnostic", , , , , , , , , , ,"54 ","54 "," Radiology-Diagnostic", , , , , , ," "," "," ","54 ", , , , , , , , , , , , , , , , , , , , , , , , , , , , , , , , , , , , , , , , , , , , , ,""
"Line(00126)","55 "," Radiology-Therapeutic", , , , , , , , ,"55 ","55 "," Radiology-Therapeutic", , , , , , , , , , ,"55 ","55 "," Radiology-Therapeutic", , , , , , ," "," "," ","55 ", , , , , , , , , , , , , , , , , , , , , , , , , , , , , , , , , , , , , , , , , , , , , ,""
"Line(00127)","56 "," Radioisotope", , , , , , , , ,"56 ","56 "," Radioisotope", , , , , , , , , , ,"56 ","56 "," Radioisotope", , , , , , ," "," "," ","56 ", , , , , , , , , , , , , , , , , , , , , , , , , , , , , , , , , , , , , , , , , , , , , ,""
"Line(00128)","57 "," Computed Tomography (CT) Scan", , , , , , , , ,"57 ","57 "," Computed Tomography (CT) Scan", , , , , , , , , , ,"57 ","57 "," Computed Tomography (CT) Scan", , , , , , , , , ,"57 ", , , , , , , , , , , , , , , , , , , , , , , , , , , , , , , , , , , , , , , , , , , , , ,""
"Line(00129)","58 "," Magnetic Resonance Imaging (MRI)", , , , , , , , ,"58 ","58 "," Magnetic Resonance Imaging (MRI)", , , , , , , , , , ,"58 ","58 "," Magnetic Resonance Imaging (MRI)", , , , , , , , , ,"58 ", , , , , , , , , , , , , , , , , , , , , , , , , , , , , , , , , , , , , , , , , , , , , ,""
"Line(00130)","59 "," Cardiac Catheterization", , , , , , , , ,"59 ","59 "," Cardiac Catheterization", , , , , , , , , , ,"59 ","59 "," Cardiac Catheterization", , , , , , , , , ,"59 ", , , , , , , , , , , , , , , , , , , , , , , , , , , , , , , , , , , , , , , , , , , , , ,""
"Line(00131)","60 "," Laboratory", , , , , , , , ,"60 ","60 "," Laboratory", , , , , , , , , , ,"60 ","60 "," Laboratory", , , , , , ," "," "," ","60 ", , , , , , , , , , , , , , , , , , , , , , , , , , , , , , , , , , , , , , , , , , , , , ,""
"Line(00132)","61 "," PBP Clinical Laboratory Services-Program Only", ," "," "," ", ," "," "," ","61 ","61 "," PBP Clinical Laboratory Services-Program Only"," "," "," "," "," "," "," "," "," "," ","61 ","61 "," PBP Clinical Laboratory Services-Program Only"," "," "," "," "," "," "," "," "," ","61 ", , , , , , , , , , , , , , , , , , , , , , , , , , , , , , , , , , , , , , , , , , , , , ,""
"Line(00133)","62 "," Whole Blood & Packed Red Blood Cells", , , , , , , , ,"62 ","62 "," Whole Blood & Packed Red Blood Cells", , , , , , , , , , ,"62 ","62 "," Whole Blood & Packed Red Blood Cells", , , , , , ," "," "," ","62 ", , , , , , , , , , , , , , , , , , , , , , , , , , , , , , , , , , , , , , , , , , , , , ,""
"Line(00134)","63 ","\" Blood Storing"," Processing"," & Trans.\"", , , , , , , , ,"63 ","63 ","\" Blood Storing"," Processing"," & Trans.\"", , , , , , , , , , ,"63 ","63 ","\" Blood Storing"," Processing"," & Trans.\"", , , , , , ," "," "," ","63 ", , , , , , , , , , , , , , , , , , , , , , , , , , , , , , , , , , , , , , , , , , , , , ,""
"Line(00135)","64 "," Intravenous Therapy", , , , , , , , ,"64 ","64 "," Intravenous Therapy", , , , , , , , , , ,"64 ","64 "," Intravenous Therapy", , , , , , ," "," "," ","64 ", , , , , , , , , , , , , , , , , , , , , , , , , , , , , , , , , , , , , , , , , , , , , ,""
"Line(00136)","65 "," Respiratory Therapy", , , , , , , , ,"65 ","65 "," Respiratory Therapy", , , , , , , , , , ,"65 ","65 "," Respiratory Therapy", , , , , , ," "," "," ","65 ", , , , , , , , , , , , , , , , , , , , , , , , , , , , , , , , , , , , , , , , , , , , , ,""
"Line(00137)","66 "," Physical Therapy", , , , , , , , ,"66 ","66 "," Physical Therapy", , , , , , , , , , ,"66 ","66 "," Physical Therapy", , , , , , ," "," "," ","66 ", , , , , , , , , , , , , , , , , , , , , , , , , , , , , , , , , , , , , , , , , , , , , ,""
"Line(00138)","67 "," Occupational Therapy", , , , , , , , ,"67 ","67 "," Occupational Therapy", , , , , , , , , , ,"67 ","67 "," Occupational Therapy", , , , , , ," "," "," ","67 ", , , , , , , , , , , , , , , , , , , , , , , , , , , , , , , , , , , , , , , , , , , , , ,""
"Line(00139)","68 "," Speech Pathology", , , , , , , , ,"68 ","68 "," Speech Pathology", , , , , , , , , , ,"68 ","68 "," Speech Pathology", , , , , , ," "," "," ","68 ", , , , , , , , , , , , , , , , , , , , , , , , , , , , , , , , , , , , , , , , , , , , , ,""
"Line(00140)","69 "," Electrocardiology", , , , , , , , ,"69 ","69 "," Electrocardiology", , , , , , , , , , ,"69 ","69 "," Electrocardiology", , , , , , ," "," "," ","69 ", , , , , , , , , , , , , , , , , , , , , , , , , , , , , , , , , , , , , , , , , , , , , ,""
"Line(00141)","70 "," Electroencephalography", , , , , , , , ,"70 ","70 "," Electroencephalography", , , , , , , , , , ,"70 ","70 "," Electroencephalography", , , , , , ," "," "," ","70 ", , , , , , , , , , , , , , , , , , , , , , , , , , , , , , , , , , , , , , , , , , , , , ,""
"Line(00142)","71 "," Medical Supplies Charged to Patients", , , , , , , , ,"71 ","71 "," Medical Supplies Charged to Patients", , , , , , , , , , ,"71 ","71 "," Medical Supplies Charged to Patients", , , , , , ," "," "," ","71 ", , , , , , , , , , , , , , , , , , , , , , , , , , , , , , , , , , , , , , , , , , , , , ,""
"Line(00143)","72 "," Implantable Devices Charged to Patients", , , , , , , , ,"72 ","72 "," Implantable Devices Charged to Patients", , , , , , , , , , ,"72 ","72 "," Implantable Devices Charged to Patients", , , , , , , , , ,"72 ", , , , , , , , , , , , , , , , , , , , , , , , , , , , , , , , , , , , , , , , , , , , , ,""
"Line(00144)","73 "," Drugs Charged to Patients", , , , , , , , ,"73 ","73 "," Drugs Charged to Patients", , , , , , , , , , ,"73 ","73 "," Drugs Charged to Patients", , , , , , ," "," "," ","73 ", , , , , , , , , , , , , , , , , , , , , , , , , , , , , , , , , , , , , , , , , , , , , ,""
"Line(00145)","74 "," Renal Dialysis", , , , , , , , ,"74 ","74 "," Renal Dialysis", , , , , , , , , , ,"74 ","74 "," Renal Dialysis", , , , , , ," "," "," ","74 ", , , , , , , , , , , , , , , , , , , , , , , , , , , , , , , , , , , , , , , , , , , , , ,""
"Line(00146)","75 "," ASC (Non-Distinct Part)", , , , , , , , ,"75 ","75 "," ASC (Non-Distinct Part)", , , , , , , , , , ,"75 ","75 "," ASC (Non-Distinct Part)", , , , , , ," "," "," ","75 ", , , , , , , , , , , , , , , , , , , , , , , , , , , , , , , , , , , , , , , , , , , , , ,""
"Line(00147)","76 "," Other Ancillary (specify)", , , , , , , , ,"76 ","76 "," Other Ancillary (specify)", , , , , , , , , , ,"76 ","76 "," Other Ancillary (specify)", , , , , , ," "," "," ","76 ", , , , , , , , , , , , , , , , , , , , , , , , , , , , , , , , , , , , , , , , , , , , , ,""
"Line(00148)", ,"OUTPATIENT SERVICE COST CENTERS", ," "," "," "," "," "," "," ", , ,"OUTPATIENT SERVICE COST CENTERS"," "," "," "," "," "," "," "," "," "," ", , ,"OUTPATIENT SERVICE COST CENTERS"," "," "," "," "," "," "," "," "," ", , , , , , , , , , , , , , , , , , , , , , , , , , , , , , , , , , , , , , , , , , , , , , ,""
"Line(00149)","88 "," Rural Health Clinic (RHC)", , , , , , , , ,"88 ","88 "," Rural Health Clinic (RHC)", , , , , , , , , , ,"88 ","88 "," Rural Health Clinic (RHC)", , , , , , ," "," "," ","88 ", , , , , , , , , , , , , , , , , , , , , , , , , , , , , , , , , , , , , , , , , , , , , ,""
"Line(00150)","89 "," Federally Qualified Health Center (FQHC)", , , , , , , , ,"89 ","89 "," Federally Qualified Health Center (FQHC)", , , , , , , , , , ,"89 ","89 "," Federally Qualified Health Center (FQHC)", , , , , , , , , ,"89 ", , , , , , , , , , , , , , , , , , , , , , , , , , , , , , , , , , , , , , , , , , , , , ,""
"Line(00151)","90 "," Clinic", , , , , , , , ,"90 ","90 "," Clinic", , , , , , , , , , ,"90 ","90 "," Clinic", , , , , , , , , ,"90 ", , , , , , , , , , , , , , , , , , , , , , , , , , , , , , , , , , , , , , , , , , , , , ,""
"Line(00152)","91 "," Emergency", , , , , , , , ,"91 ","91 "," Emergency", , , , , , , , , , ,"91 ","91 "," Emergency", , , , , , ," "," "," ","91 ", , , , , , , , , , , , , , , , , , , , , , , , , , , , , , , , , , , , , , , , , , , , , ,""
"Line(00153)","92 "," Observation Beds", ," "," "," "," "," "," "," ","92 ","92 "," Observation Beds"," "," "," "," "," "," "," "," "," "," ","92 ","92 "," Observation Beds"," "," "," "," "," "," "," "," "," ","92 ", , , , , , , , , , , , , , , , , , , , , , , , , , , , , , , , , , , , , , , , , , , , , ,""
"Line(00154)","93 "," Other Outpatient Service (specify)", , , , , , , , ,"93 ","93 "," Other Outpatient Service (specify)", , , , , , , , , , ,"93 ","93 "," Other Outpatient Service (specify)", , , , , , ," "," "," ","93 ", , , , , , , , , , , , , , , , , , , , , , , , , , , , , , , , , , , , , , , , , , , , , ,""
"Line(00155)","4090 (Cont.)", ,"   FORM CMS-2552-10", , , ,"08-11", , , , , , , , , , , , , , , , , , , , , , ,""
"Line(00156)","POST STEPDOWN ADJUSTMENTS", ," PROVIDER CCN:"," PERIOD:", ," WORKSHEET B-2", , , , , , , , , , , , , , , , , , , , , , , ,"  ."
"Line(00157)", , , ," FROM ____________", , , , , , , , , , , , , , , , , , , , , , , , , ,""
"Line(00158)", , ," ________________"," TO _______________", , , , , , , , , , , , , , , , , , , , , , , , , ,""
"Line(00159)", , , ,"WORKSHEET ", , , , , , , , , , , , , , , , , , , , , , , , , ,""
"Line(00160)", ,"DESCRIPTION", ,"PART","LINE NO.","AMOUNT", , , , , , , , , , , , , , , , , , , , , , , ,""
"Line(00161)", ,"1 ", ,"2","3","4", , , , , , , , , , , , , , , , , , , , , , , ,""
"Line(00162)","1 "," Adjustment for EPO costs in Renal Dialysis cost center", ,"1 ","74 ", ,"1 ", , , , , , , , , , , , , , , , , , , , , , ,""
"Line(00163)","2 "," Adjustment for EPO costs in Home Program Dialysis cost center", ,"1 ","94 ", ,"2 ", , , , , , , , , , , , , , , , , , , , , , ,""
"Line(00164)","3 "," Adjustment for ARANESP costs in Renal Dialysis cost center", ,"1 ","74 ", ,"3 ", , , , , , , , , , , , , , , , , , , , , , ,""
"Line(00165)","4 "," Adjustment for ARANESP costs in Home Program Dialysis cost center", ,"1 ","94 ", ,"4 ", , , , , , , , , , , , , , , , , , , , , , ,""
"Line(00166)","5 ", , , , , ,"5 ", , , , , , , , , , , , , , , , , , , , , , ,""
"Line(00167)","6 ", , , , , ,"6 ", , , , , , , , , , , , , , , , , , , , , , ,""
"Line(00168)","7 ", , , , , ,"7 ", , , , , , , , , , , , , , , , , , , , , , ,""
"Line(00169)","8 ", , , , , ,"8 ", , , , , , , , , , , , , , , , , , , , , , ,""
"Line(00170)","9 ", , , , , ,"9 ", , , , , , , , , , , , , , , , , , , , , , ,""
"Line(00171)","10 ", , , , , ,"10 ", , , , , , , , , , , , , , , , , , , , , , ,""
"Line(00172)","11 ", , , , , ,"11 ", , , , , , , , , , , , , , , , , , , , , , ,""
"Line(00173)","12 ", , , , , ,"12 ", , , , , , , , , , , , , , , , , , , , , , ,""
"Line(00174)","13 ", , , , , ,"13 ", , , , , , , , , , , , , , , , , , , , , , ,""
"Line(00175)","14 ", , , , , ,"14 ", , , , , , , , , , , , , , , , , , , , , , ,""
"Line(00176)","15 ", , , , , ,"15 ", , , , , , , , , , , , , , , , , , , , , , ,""
"Line(00177)","16 ", , , , , ,"16 ", , , , , , , , , , , , , , , , , , , , , , ,""
"Line(00178)","17 ", , , , , ,"17 ", , , , , , , , , , , , , , , , , , , , , , ,""
"Line(00179)","18 ", , , , , ,"18 ", , , , , , , , , , , , , , , , , , , , , , ,""
"Line(00180)","19 ", , , , , ,"19 ", , , , , , , , , , , , , , , , , , , , , , ,""
"Line(00181)","20 ", , , , , ,"20 ", , , , , , , , , , , , , , , , , , , , , , ,""
"Line(00182)","21 ", , , , , ,"21 ", , , , , , , , , , , , , , , , , , , , , , ,""
"Line(00183)","22 ", , , , , ,"22 ", , , , , , , , , , , , , , , , , , , , , , ,""
"Line(00184)","23 ", , , , , ,"23 ", , , , , , , , , , , , , , , , , , , , , , ,""
"Line(00185)","24 ", , , , , ,"24 ", , , , , , , , , , , , , , , , , , , , , , ,""
"Line(00186)","25 ", , , , , ,"25 ", , , , , , , , , , , , , , , , , , , , , , ,""
"Line(00187)","26 ", , , , , ,"26 ", , , , , , , , , , , , , , , , , , , , , , ,""
"Line(00188)","27 ", , , , , ,"27 ", , , , , , , , , , , , , , , , , , , , , , ,""
"Line(00189)","28 ", , , , , ,"28 ", , , , , , , , , , , , , , , , , , , , , , ,""
"Line(00190)","29 ", , , , , ,"29 ", , , , , , , , , , , , , , , , , , , , , , ,""
"Line(00191)", , , ,"NET EXPENSES","CAPITAL", ," ", ," ", , , , , , , , , ," "," ", , , , , , , , , , ," "," ", , ,"INTERN &"
"Line(00192)", , , ,"FOR COST","RELATED COSTS", , , , , , , , , , , , , , , , , , , , , , , ,"NON-", ,"INTERNS &","INTERNS &", , ,"RESIDENT "
"Line(00193)", , , ,"ALLOCATION"," "," ", , ,"ADMINIS-","MAIN-", , , , ,"LAUNDRY", , , ,"MAIN-","NURSING","CENTRAL", ,"MEDICAL", , , , ,"OTHER","PHYSICIAN", ,"RESIDENTS","RESIDENTS","PARAMEDICAL", ,"COST & POST"
"Line(00194)", , ,"COST CENTER DESCRIPTIONS","(from Wkst.","BLDGS. &","MOVABLE","EMPLOYEE","SUBTOTAL","TRATIVE &","TENANCE &","OPERATION", , ,"COST CENTER DESCRIPTIONS","& LINEN","HOUSE-"," ", ,"TENANCE OF","ADMINIS-","SERVICES &", ,"RECORDS &","SOCIAL", , ,"COST CENTER DESCRIPTIONS","GENERAL","ANES-","NURSING","SALARY AND","PROGRAM","EDUCATION", ,"STEPDOWN"
"Line(00195)", , , ,"A col. 7)","FIXTURES","EQUIPMENT","BENEFITS","(cols. 0-4)","GENERAL","REPAIRS","OF PLANT", , , ,"SERVICE","KEEPING","DIETARY","CAFETERIA","PERSONNEL","TRATION","SUPPLY","PHARMACY","LIBRARY","SERVICE", , , ,"SERVICE","THETISTS","SCHOOL","FRINGES","COSTS","(SPECIFY)","SUBTOTAL"," ADJUSTMENTS","TOTAL"
"Line(00196)", , , ,"0","1","2","4","4A","5","6","7", , , ,"8","9","10","11","12","13","14","15","16","17", , , ,"18","19","20","21","22","23","24","25","26"
"Line(00197)","4090 (Cont.)", , , ,"FORM CMS-2552-10", , , , , ,"08-11","08-11", , , ,"FORM CMS-2552-10", , , , , , , ,"4090 (Cont.)","4090 (Cont.)", , , ,"FORM CMS-2552-10", , , , , , ,"08-11"
"Line(00198)","ALLOCATION OF CAPITAL-RELATED COSTS", , , , ," PROVIDER CCN:", ," PERIOD:", ,"\" WORKSHEET B","\"", ,"ALLOCATION OF CAPITAL-RELATED COSTS", , , , ," PROVIDER CCN:", , ," PERIOD:", , ,"\" WORKSHEET B","\"", ,"ALLOCATION OF CAPITAL-RELATED COSTS", , , , , ," PROVIDER CCN:", ," PERIOD:", ,"\" WORKSHEET B","\"",""
"Line(00199)", , , , , , , ," FROM ____________", ," PART II", , , , , , , , , ," FROM ____________", , ," PART II", , , , , , , , , ," FROM ____________", ," PART II",""
"Line(00200)", , , , , ," ________________", ," TO _______________", , , , , , , , ," ________________", , ," TO _______________", , , , , , , , , , ," ________________", ," TO _______________", , ,""
"Line(00201)", , ,"DIRECTLY","CAPITAL", , ," "," ", , , , , , , , , ," "," ", , , , , , , , , , ," "," ", , ,"INTERN &", ,""
"Line(00202)", , ,"ASSIGNED","RELATED COSTS", , , , , , , , , , , , , , , , , , , , , , , ,"NON-", ,"INTERNS &","INTERNS &", , ,"RESIDENT ", ,""
"Line(00203)", , ,"NEW CAPITAL"," "," ","SUBTOTAL", ,"ADMINIS-","MAIN-", , , , ,"LAUNDRY", , , ,"MAIN-","NURSING","CENTRAL", ,"MEDICAL", , , , ,"OTHER","PHYSICIAN", ,"RESIDENTS","RESIDENTS","PARAMEDICAL", ,"COST & POST", ,""
"Line(00204)", ,"COST CENTER DESCRIPTIONS","RELATED","BLDGS. &","MOVABLE","(sum of","EMPLOYEE","TRATIVE &","TENANCE &","OPERATION", , ,"COST CENTER DESCRIPTIONS","& LINEN","HOUSE-"," ", ,"TENANCE OF","ADMINIS-","SERVICES &", ,"RECORDS &","SOCIAL", , ,"COST CENTER DESCRIPTIONS","GENERAL","ANES-","NURSING","SALARY AND","PROGRAM","EDUCATION", ,"STEPDOWN", ,""
"Line(00205)", , ,"COSTS","FIXTURES","EQUIPMENT","(cols. 0-2)","BENEFITS","GENERAL","REPAIRS","OF PLANT", , , ,"SERVICE","KEEPING","DIETARY","CAFETERIA","PERSONNEL","TRATION","SUPPLY","PHARMACY","LIBRARY","SERVICE", , , ,"SERVICE","THETISTS","SCHOOL","FRINGES","COSTS","(SPECIFY)","SUBTOTAL"," ADJUSTMENTS","TOTAL",""
"Line(00206)", , ,"0","1 ","2 ","2A","4 ","5 ","6 ","7 ", , , ,"8 ","9 ","10 ","11 ","12 ","13 ","14 ","15 ","16 ","17 ", , , ,"18 ","19 ","20 ","21 ","22 ","23 ","24 ","25 ","26 ",""
"Line(00207)", ,"GENERAL SERVICE COST CENTERS", , , , , , , , , , ,"GENERAL SERVICE COST CENTERS", , , , , , , , , , , , ,"GENERAL SERVICE COST CENTERS", , , , , , , , , ,""
"Line(00208)","1 "," Capital Related Costs-Buildings and Fixtures", , , , , , , , ,"1 ","1 "," Capital Related Costs-Buildings and Fixtures", , , , , , , , , , ,"1 ","1 "," Capital Related Costs-Buildings and Fixtures", , , , , , , , , ,"1 "
"Line(00209)","2 "," Capital Related Costs-Movable Equipment", , , , , , , , ,"2 ","2 "," Capital Related Costs-Movable Equipment", , , , , , , , , , ,"2 ","2 "," Capital Related Costs-Movable Equipment", , , , , , , , , ,"2 "
"Line(00210)","4 "," Employee Benefits", , , , , , , , ,"4 ","4 "," Employee Benefits", , , , , , , , , , ,"4 ","4 "," Employee Benefits", , , , , , , , , ,"4 "
"Line(00211)","5 "," Administrative and General", , , , , , , , ,"5 ","5 "," Administrative and General", , , , , , , , , , ,"5 ","5 "," Administrative and General", , , , , , , , , ,"5 "
"Line(00212)","6 "," Maintenance and Repairs", , , , , , , , ,"6 ","6 "," Maintenance and Repairs", , , , , , , , , , ,"6 ","6 "," Maintenance and Repairs", , , , , , , , , ,"6 "
"Line(00213)","7 "," Operation of Plant", , , , , , , , ,"7 ","7 "," Operation of Plant", , , , , , , , , , ,"7 ","7 "," Operation of Plant", , , , , , , , , ,"7 "
"Line(00214)","8 "," Laundry and Linen Service", , , , , , , , ,"8 ","8 "," Laundry and Linen Service", , , , , , , , , , ,"8 ","8 "," Laundry and Linen Service", , , , , , , , , ,"8 "
"Line(00215)","9 "," Housekeeping", , , , , , , , ,"9 ","9 "," Housekeeping", , , , , , , , , , ,"9 ","9 "," Housekeeping", , , , , , , , , ,"9 "
"Line(00216)","10 "," Dietary", , , , , , , , ,"10 ","10 "," Dietary", , , , , , , , , , ,"10 ","10 "," Dietary", , , , , , , , , ,"10 "
"Line(00217)","11 "," Cafeteria", , , , , , , , ,"11 ","11 "," Cafeteria", , , , , , , , , , ,"11 ","11 "," Cafeteria", , , , , , , , , ,"11 "
"Line(00218)","12 "," Maintenance of Personnel", , , , , , , , ,"12 ","12 "," Maintenance of Personnel", , , , , , , , , , ,"12 ","12 "," Maintenance of Personnel", , , , , , , , , ,"12 "
"Line(00219)","13 "," Nursing Administration", , , , , , , , ,"13 ","13 "," Nursing Administration", , , , , , , , , , ,"13 ","13 "," Nursing Administration", , , , , , , , , ,"13 "
"Line(00220)","14 "," Central Services and Supply", , , , , , , , ,"14 ","14 "," Central Services and Supply", , , , , , , , , , ,"14 ","14 "," Central Services and Supply", , , , , , , , , ,"14 "
"Line(00221)","15 "," Pharmacy", , , , , , , , ,"15 ","15 "," Pharmacy", , , , , , , , , , ,"15 ","15 "," Pharmacy", , , , , , , , , ,"15 "
"Line(00222)","16 "," Medical Records & Medical Records Library", , , , , , , , ,"16 ","16 "," Medical Records & Medical Records Library", , , , , , , , , , ,"16 ","16 "," Medical Records & Medical Records Library", , , , , , , , , ,"16 "
"Line(00223)","17 "," Social Service", , , , , , , , ,"17 ","17 "," Social Service", , , , , , , , , , ,"17 ","17 "," Social Service", , , , , , , , , ,"17 "
"Line(00224)","18 "," Other General Service (specify)", , , , , , , , ,"18 ","18 "," Other General Service (specify)", , , , , , , , , , ,"18 ","18 "," Other General Service (specify)", , , , , , , , , ,"18 "
"Line(00225)","19 "," Nonphysician Anesthetists", , , , , , , , ,"19 ","19 "," Nonphysician Anesthetists", , , , , , , , , , ,"19 ","19 "," Nonphysician Anesthetists", ," ", , , , , , , ,"19 "
"Line(00226)","20 "," Nursing School", , , , , , , , ,"20 ","20 "," Nursing School", , , , , , , , , , ,"20 ","20 "," Nursing School", , , , , , , , , ,"20 "
"Line(00227)","21 "," Intern & Res. Service-Salary & Fringes (Approved)", , , , , , , , ,"21 ","21 "," Intern & Res. Service-Salary & Fringes (Approved)", , , , , , , , , , ,"21 ","21 "," Intern & Res. Service-Salary & Fringes (Approved)", , , ," ", , , , , ,"21 "
"Line(00228)","22 "," Intern & Res. Other Program Costs (Approved)", , , , , , , , ,"22 ","22 "," Intern & Res. Other Program Costs (Approved)", , , , , , , , , , ,"22 ","22 "," Intern & Res. Other Program Costs (Approved)", , , , ," ", , , , ,"22 "
"Line(00229)","23 "," Paramedical Education Program (specify) ", , , , , , , , ,"23 ","23 "," Paramedical Education Program (specify) ", , , , , , , , , , ,"23 ","23 "," Paramedical Education Program (specify) ", , , , , ," ", , , ,"23 "
"Line(00230)", ,"INPATIENT ROUTINE SERVICE COST CENTERS", , , , , , , , , , ,"INPATIENT ROUTINE SERVICE COST CENTERS", , , , , , , , , , , , ,"INPATIENT ROUTINE SERVICE COST CENTERS", , , , , , , , , ,""
"Line(00231)","30 "," Adults and Pediatrics (General Routine Care)", , , , , , , , ,"30 ","30 "," Adults and Pediatrics (General Routine Care)", , , , , , , , , , ,"30 ","30 "," Adults and Pediatrics (General Routine Care)", , , , , , , , , ,"30 "
"Line(00232)","31 "," Intensive Care Unit", , , , , , , , ,"31 ","31 "," Intensive Care Unit", , , , , , , , , , ,"31 ","31 "," Intensive Care Unit", , , , , , , , , ,"31 "
"Line(00233)","32 "," Coronary Care Unit", , , , , , , , ,"32 ","32 "," Coronary Care Unit", , , , , , , , , , ,"32 ","32 "," Coronary Care Unit", , , , , , , , , ,"32 "
"Line(00234)","33 "," Burn Intensive Care Unit", , , , , , , , ,"33 ","33 "," Burn Intensive Care Unit", , , , , , , , , , ,"33 ","33 "," Burn Intensive Care Unit", , , , , , , , , ,"33 "
"Line(00235)","34 "," Surgical Intensive Care Unit", , , , , , , , ,"34 ","34 "," Surgical Intensive Care Unit", , , , , , , , , , ,"34 ","34 "," Surgical Intensive Care Unit", , , , , , , , , ,"34 "
"Line(00236)","35 "," Other Special Care Unit (specify)", , , , , , , , ,"35 ","35 "," Other Special Care Unit (specify)", , , , , , , , , , ,"35 ","35 "," Other Special Care Unit (specify)", , , , , , , , , ,"35 "
"Line(00237)","40 "," Subprovider IPF", , , , , , , , ,"40 ","40 "," Subprovider IPF", , , , , , , , , , ,"40 ","40 "," Subprovider IPF", , , , , , , , , ,"40 "
"Line(00238)","41 "," Subprovider IRF", , , , , , , , ,"41 ","41 "," Subprovider IRF", , , , , , , , , , ,"41 ","41 "," Subprovider IRF", , , , , , , , , ,"41 "
"Line(00239)","42 "," Subprovider (specify)", , , , , , , , ,"42 ","42 "," Subprovider (specify)", , , , , , , , , , ,"42 ","42 "," Subprovider (specify)", , , , , , , , , ,"42 "
"Line(00240)","43 "," Nursery", , , , , , , , ,"43 ","43 "," Nursery", , , , , , , , , , ,"43 ","43 "," Nursery", , , , , , , , , ,"43 "
"Line(00241)","44 "," Skilled Nursing Facility", , , , , , , , ,"44 ","44 "," Skilled Nursing Facility", , , , , , , , , , ,"44 ","44 "," Skilled Nursing Facility", , , , , , , , , ,"44 "
"Line(00242)","45 "," Nursing Facility", , , , , , , , ,"45 ","45 "," Nursing Facility", , , , , , , , , , ,"45 ","45 "," Nursing Facility", , , , , , , , , ,"45 "
"Line(00243)","46 "," Other Long Term Care", , , , , , , , ,"46 ","46 "," Other Long Term Care", , , , , , , , , , ,"46 ","46 "," Other Long Term Care", , , , , , , , , ,"46 "
"Line(00244)","08-11", , , ,"FORM CMS-2552-10", , , , , , , , ,"4090 (Cont.)", , , , , , , , , , , , , , , , , ,""
"Line(00245)","COMPUTATION OF RATIO OF COSTS TO CHARGES", , , , , , , ," PROVIDER CCN:", ," PERIOD:", ," WORKSHEET C", , , , , , , , , , , , , , , , , , ,""
"Line(00246)", , , , , , , , , , ," FROM ____________", ," PART I", , , , , , , , , , , , , , , , , , ,""
"Line(00247)", , , , , , , , ," ________________", ," TO _______________", , , , , , , , , , , , , , , , , , , , ,""
"Line(00248)", , ,"Total Cost", ,"Costs", , ,"Charges", , , , , , , , , , , , , , , , , , , , , , , ,""
"Line(00249)", , ,"(from Wkst.","Therapy", ,"RCE", , , ,"Total", ,"TEFRA","PPS", , , , , , , , , , , , , , , , , , ,""
"Line(00250)", ,"COST CENTER DESCRIPTIONS","\"B"," Part I","\"","Limit","Total","Dis-","Total", , ,"(column 6","Cost or ","Inpatient","Inpatient", , , , , , , , , , , , , , , , , , ,""
"Line(00251)", , ,"col. 26)","Adj.","Costs","allowance","Costs","Inpatient","Outpatient","+ column 7)","Other Ratio","Ratio","Ratio", , , , , , , , , , , , , , , , , , ,""
"Line(00252)", , ,"1","2","3","4","5","6","7","8","9","10","11", , , , , , , , , , , , , , , , , , ,""
"Line(00253)", ,"INPATIENT ROUTINE SERVICE COST CENTERS", , , , , , , , , , , , , , , , , , , , , , , , , , , , , ,""
"Line(00254)","30 "," Adults and Pediatrics (General Routine Care)", , , , , , , , , , , ,"30 ", , , , , , , , , , , , , , , , , ,""
"Line(00255)","31 "," Intensive Care Unit", , , , , , , , , , , ,"31 ", , , , , , , , , , , , , , , , , ,""
"Line(00256)","32 "," Coronary Care Unit", , , , , , , , , , , ,"32 ", , , , , , , , , , , , , , , , , ,""
"Line(00257)","33 "," Burn Intensive Care Unit", , , , , , , , , , , ,"33 ", , , , , , , , , , , , , , , , , ,""
"Line(00258)","34 "," Surgical Intensive Care Unit", , , , , , , , , , , ,"34 ", , , , , , , , , , , , , , , , , ,""
"Line(00259)","35 "," Other Special Care (specify)", , , , , , , , , , , ,"35 ", , , , , , , , , , , , , , , , , ,""
"Line(00260)","40 "," Subprovider IPF", , , , , , , , , , , ,"40 ", , , , , , , , , , , , , , , , , ,""
"Line(00261)","41 "," Subprovider IRF", , , , , , , , , , , ,"41 ", , , , , , , , , , , , , , , , , ,""
"Line(00262)","42 "," Subprovider (Specify)", , , , , , , , , , , ,"42 ", , , , , , , , , , , , , , , , , ,""
"Line(00263)","43 "," Nursery", , , , , , , , , , , ,"43 ", , , , , , , , , , , , , , , , , ,""
"Line(00264)","44 "," Skilled Nursing Facility", , , , , , , , , , , ,"44 ", , , , , , , , , , , , , , , , , ,""
"Line(00265)","45 "," Nursing Facility", , , , , , , , , , , ,"45 ", , , , , , , , , , , , , , , , , ,""
"Line(00266)","46 "," Other Long Term Care", , , , , , , , , , , ,"46 ", , , , , , , , , , , , , , , , , ,""
"Line(00267)", ,"ANCILLARY SERVICE COST CENTERS", , , , , , , , , , , , , , , , , , , , , , , , , , , , , ,""
"Line(00268)","50 "," Operating Room", , , , , , , , , , , ,"50 ", , , , , , , , , , , , , , , , , ,""
"Line(00269)","51 "," Recovery Room", , , , , , , , , , , ,"51 ", , , , , , , , , , , , , , , , , ,""
"Line(00270)","52 "," Labor Room and Delivery Room ", , , , , , , , , , , ,"52 ", , , , , , , , , , , , , , , , , ,""
"Line(00271)","53 "," Anesthesiology", , , , , , , , , , , ,"53 ", , , , , , , , , , , , , , , , , ,""
"Line(00272)","54 "," Radiology-Diagnostic", , , , , , , , , , , ,"54 ", , , , , , , , , , , , , , , , , ,""
"Line(00273)","55 "," Radiology-Therapeutic", , , , , , , , , , , ,"55 ", , , , , , , , , , , , , , , , , ,""
"Line(00274)","56 "," Radioisotope", , , , , , , , , , , ,"56 ", , , , , , , , , , , , , , , , , ,""
"Line(00275)","57 "," Computed Tomography (CT) Scan", , , , , , , , , , , ,"57 ", , , , , , , , , , , , , , , , , ,""
"Line(00276)","58 "," Magnetic Resonance Imaging (MRI)", , , , , , , , , , , ,"58 ", , , , , , , , , , , , , , , , , ,""
"Line(00277)","59 "," Cardiac Catheterization", , , , , , , , , , , ,"59 ", , , , , , , , , , , , , , , , , ,""
"Line(00278)","60 "," Laboratory", , , , , , , , , , , ,"60 ", , , , , , , , , , , , , , , , , ,""
"Line(00279)","61 "," PBP Clinical Laboratory Services-Prgm. Only"," ", ," "," ", , ," "," "," "," ", ,"61 ", , , , , , , , , , , , , , , , , ,""
"Line(00280)","62 "," Whole Blood & Packed Red Blood Cells", , , , , , , , , , , ,"62 ", , , , , , , , , , , , , , , , , ,""
"Line(00281)","63 ","\" Blood Storing"," Processing"," & Trans.\"", , , , , , , , , , , ,"63 ", , , , , , , , , , , , , , , , , ,""
"Line(00282)","64 "," Intravenous Therapy", , , , , , , , , , , ,"64 ", , , , , , , , , , , , , , , , , ,""
"Line(00283)","65 "," Respiratory Therapy", , , , , , , , , , , ,"65 ", , , , , , , , , , , , , , , , , ,""
"Line(00284)","66 "," Physical Therapy", , , , , , , , , , , ,"66 ", , , , , , , , , , , , , , , , , ,""
"Line(00285)","67 "," Occupational Therapy", , , , , , , , , , , ,"67 ", , , , , , , , , , , , , , , , , ,""