"Report (D1I.csv)","D1I.csv[00000]","D1I.csv[00100]","D1I.csv[00200]","D1I.csv[00300]","D1I.csv[00400]","D1I.csv[00500]","D1I.csv[00600]","D1I.csv[00700]","D1I.csv[00800]","D1I.csv[00900]","D1I.csv[01000]","D1I.csv[01100]","D1I.csv[01200]","D1I.csv[01300]","D1I.csv[01400]","D1I.csv[01500]","D1I.csv[01600]","D1I.csv[01700]","D1I.csv[01800]","D1I.csv[01900]","D1I.csv[02000]","D1I.csv[02100]","D1I.csv[02200]","D1I.csv[02300]","D1I.csv[02400]","D1I.csv[02500]","D1I.csv[02600]","D1I.csv[02700]","D1I.csv[02800]","D1I.csv[02900]","D1I.csv[03000]","D1I.csv[03100]","D1I.csv[03200]","D1I.csv[03300]","D1I.csv[03400]","D1I.csv[03500]","D1I.csv[03600]","D1I.csv[03700]","D1I.csv[03800]","D1I.csv[03900]","D1I.csv[04000]","D1I.csv[04100]", , , , , , , , , , , , , , , , , , , , , , , , , , , , , , , , , , , , , , , ,"D1I.csv[08100]", , ,"D1I.csv[08400]", , ,"D1I.csv[08700]"
"Line(00000)", ,"PART I - ANALYSIS OF CHANGES IN CAPITAL ASSET BALANCES"
"Line(00001)", , , , , ,"Acquisitions", , ,"Disposals", ,"Fully"
"Line(00002)", , , , ,"Beginning", , , ,"and","Ending","Depreciated"
"Line(00003)", , ,"Description", ,"Balances","Purchases","Donation","Total","Retirements","Balance","Assets"
"Line(00004)", , , , ,"1","2","3","4","5","6","7"
"Line(00005)","4090 (Cont.)", , ," FORM CMS-2552-10", , , , ,"08-11"
"Line(00006)","STATEMENT OF COSTS OF SERVICES", , , ," PROVIDER CCN:"," PERIOD:"," WORKSHEET A-8-1", ,""
"Line(00007)","FROM RELATED ORGANIZATIONS AND", , , , ," FROM ____________", , ,""
"Line(00008)","HOME OFFICE COSTS", , , ," ________________"," TO _______________", , ,""
"Line(00009)", , , , , , , , ,""
"Line(00010)","A. ","COSTS INCURRED AND ADJUSTMENTS REQUIRED AS A RESULT OF TRANSACTIONS WITH RELATED ORGANIZATIONS OR", , , , , , ,""
"Line(00011)", ,"CLAIMED HOME OFFICE COSTS:", , , , , , ,""
"Line(00012)", , , , , ,"Amount","Net", ,""
"Line(00013)", , , , ,"Amount of","included in","Adjustments","Wkst.",""
"Line(00014)", , , , ,"Allowable","Wkst. A","(col. 4 minus","A-7",""
"Line(00015)", ,"Line No.","Cost Center","Expense Items","Cost","column 5","col. 5) *","Ref.",""
"Line(00016)", ,"1","2","3","4","5","6","7",""
"Line(00017)","1 ", , , , , , , ,"1 "
"Line(00018)","08-11", , , ,"FORM CMS-2552-10", , , , , ,"         4090 (Cont.)"
"Line(00019)","PROVIDER-BASED PHYSICIANS ADJUSTMENTS", , , , ," PROVIDER CCN:", ," PERIOD:", ," WORKSHEET A-8-2",""
"Line(00020)", , , , , , , ," FROM ____________", , ,""
"Line(00021)", , , , , ," ________________", ," TO _______________", , ,""
"Line(00022)", , ,"Cost Center/", , , , ,"Physician/", ,"5 Percent of",""
"Line(00023)", ,"Wkst. A","Physician","Total","Professional","Provider","RCE","Provider","Unadjusted","Unadjusted",""
"Line(00024)", ,"Line #","Identifier","Remuneration","Component","Component","Amount","Component Hours","RCE Limit","RCE Limit",""
"Line(00025)", ,"1","2","3","4","5","6","7","8","9",""
"Line(00026)","1 ", , , , , , , , , ,"1 "
"Line(00027)","2 ", , , , , , , , , ,"2 "
"Line(00028)","3 ", , , , , , , , , ,"3 "
"Line(00029)","4 ", , , , , , , , , ,"4 "
"Line(00030)","5 ", , , , , , , , , ,"5 "
"Line(00031)","6 ", , , , , , , , , ,"6 "
"Line(00032)","7 ", , , , , , , , , ,"7 "
"Line(00033)","4090 (Cont.)", , ,"FORM CMS-2552-10", , , , ,"08-11", , , , ,""
"Line(00034)","REASONABLE COST DETERMINATION FOR THERAPY SERVICES", , , , ," PROVIDER CCN:"," PERIOD:","\" WORKSHEET A-8-3","\"", , , , , ,""
"Line(00035)","FURNISHED BY OUTSIDE SUPPLIERS", , , , , ," FROM ____________"," PARTS I & II", , , , , ,""
"Line(00036)", , , , , ," ________________"," TO _______________", , , , , , ,""
"Line(00037)","Check applicable box:", ,"      [ ] Occupational          [ ] Physical          [ ] Respiratory          [ ] Speech Pathology", , , , , , , , , , ,""
"Line(00038)", , , , , , , , , , , , , ,""
"Line(00039)","PART I - GENERAL INFORMATION", , , , , , , , , , , , ,""
"Line(00040)","1 "," Total number of weeks worked (excluding aides) (see instructions)", , , , , , ,"1 ", , , , ,""
"Line(00041)","2 "," Line 1 multiplied by 15 hours per week", , , , , , ,"2 ", , , , ,""
"Line(00042)","3 "," Number of unduplicated days in which supervisor or therapist was on provider site (see instructions)", , , , , , ,"3 ", , , , ,""
"Line(00043)","4 "," Number of unduplicated days in which therapy assistant was on provider site but neither supervisor nor therapist was on provider site (see instructions)", , , , , , ,"4 ", , , , ,""
"Line(00044)","5 "," Number of unduplicated offsite visits - supervisors or therapists (see instructions)", , , , , , ,"5 ", , , , ,""
"Line(00045)","6 "," Number of unduplicated offsite visits - therapy assistants (include only visits made by therapy assistant and on which", , , , , , ,"6 ", , , , ,""
"Line(00046)", ,"  supervisor and/or therapist was not present during the visit(s)) (see instructions)", , , , , , , , , , , ,""
"Line(00047)","7 "," Standard travel expense rate", , , , , , ,"7 ", , , , ,""
"Line(00048)","8 "," Optional travel expense rate per mile", , , , , , ,"8 ", , , , ,""
"Line(00049)", , , ,"Supervisors","dcr","Assistants","Aides","Trainees", , , , , ,""
"Line(00050)", , , ,"1","2","3","4","5", , , , , ,""
"Line(00051)","9 "," Total hours worked", , , , , , ,"9 ", , , , ,""
"Line(00052)","10 "," AHSEA (see instructions)", , , , , , ,"10 ", , , , ,""
"Line(00053)","11 ","\" Standard travel allowance (columns 1 and 2"," one-half of column 2","\"", , , , , , ,"11 ", , , , ,""
"Line(00054)", ,"\"  line 10; column 3"," one-half of column 3"," line 10)\"", , , , , , , , , , , ,""
"Line(00055)","12 "," Number of travel hours (see instructions)", , , , , , ,"12 ", , , , ,""
"Line(00056)","13 "," Number of miles driven (see instructions)", , , , , , ,"13 ", , , , ,""
"Line(00057)","08-11", , , ,"FORM CMS-2552-10", , , , , ,"4090 (Cont.)","4090 (Cont.)", , , ,"FORM CMS-2552-10", , , , , , , ,"08-11","08-11", , , ,"FORM CMS-2552-10", , , , , , ,"4090 (Cont.)", , , , , , , , , , , , , , , , , , , , , , , , , , , , , , , , , , , , , , , , , , , , , ,""
"Line(00058)","COST ALLOCATION - STATISTICAL BASIS", , , , ," PROVIDER CCN:", ," PERIOD:", ," WORKSHEET B-1", ,"COST ALLOCATION - STATISTICAL BASIS", , , , , , ," PROVIDER CCN:", ," PERIOD:", ," WORKSHEET B-1", ,"COST ALLOCATION - STATISTICAL BASIS", , , , , ," PROVIDER CCN:", ," PERIOD:", ," WORKSHEET B-1", , , , , , , , , , , , , , , , , , , , , , , , , , , , , , , , , , , , , , , , , , , , , , ,""
"Line(00059)", , , , , , , ," FROM ____________", , , , , , , , , , , , ," FROM ____________", , , , , , , , , , , ," FROM ____________", , , , , , , , , , , , , , , , , , , , , , , , , , , , , , , , , , , , , , , , , , , , , , , , ,""
"Line(00060)", , , , , ," ________________", ," TO _______________", ," ", , , , , , , , ," ________________", ," TO _______________", , , , , , , , , ," ________________", ," TO _______________", , , , , , , , , , , , , , , , , , , , , , , , , , , , , , , , , , , , , , , , , , , , , , , , ,""
"Line(00061)", , , ,"CAPITAL RELATED COST", ," ", ,"ADMINIS-","MAIN-", , , , ,"LAUNDRY", , , ,"MAIN-","NURSING","CENTRAL", ,"MEDICAL", , , , , ,"NON-", ,"INTERNS & RESIDENTS", ,"PARA-", ,"INTERN &", , , , , , , , , , , , , , , , , , , , , , , , , , , , , , , , , , , , , , , , , , , , , , , ,""
"Line(00062)", , , ,"BLDGS. &","MOVABLE","EMPLOYEE", ,"TRATIVE &","TENANCE &","OPERATION", , , ,"& LINEN","HOUSE-", , ,"TENANCE OF","ADMINIS-","SERVICES &", ,"RECORDS &","SOCIAL", , , ,"OTHER","PHYSICIAN","NURSING","SALARY AND","PROGRAM","MEDICAL", ,"RESIDENT ", , , , , , , , , , , , , , , , , , , , , , , , , , , , , , , , , , , , , , , , , , , , , , , ,""
"Line(00063)", , , ,"FIXTURES","EQUIPMENT","BENEFITS", ,"GENERAL","REPAIRS","OF PLANT", , , ,"SERVICE","KEEPING","DIETARY","CAFETERIA","PERSONNEL","TRATION","SUPPLY","PHARMACY","LIBRARY","SERVICE", , , ,"GENERAL","ANES-","SCHOOL","FRINGES","COSTS","EDUCATION", ,"COST & POST", , , , , , , , , , , , , , , , , , , , , , , , , , , , , , , , , , , , , , , , , , , , , , , ,""
"Line(00064)", ,"COST CENTER DESCRIPTIONS", ,"(SQUARE","(DOLLAR","(GROSS","RECONCIL-","(ACCUM.","(SQUARE","(SQUARE", , ,"COST CENTER DESCRIPTIONS","(POUNDS OF","(HOURS OF","(MEALS","(MEALS","(NUMBER","(DIRECT","(COSTED","(COSTED","(TIME","(TIME", , ,"COST CENTER DESCRIPTIONS","SERVICE","THETISTS","(ASSIGNED","(ASSIGNED","(ASSIGNED","(ASSIGNED", ,"STEPDOWN", , , , , , , , , , , , , , , , , , , , , , , , , , , , , , , , , , , , , , , , , , , , , , , ,""
"Line(00065)", , , ,"FEET)","VALUE)","SALARIES)","IATION","COST)","FEET)","FEET)", , , ,"LAUNDRY)","SERVICE)","SERVED)","SERVED)","HOUSED)","NURS. HRS)","REQUIS.)","REQUIS.)","SPENT)","SPENT)", , , ,"(SPECIFY)","(ASGND TIME)","TIME)","TIME)","TIME)","TIME)","SUBTOTAL"," ADJUSTMENTS","TOTAL", , , , , , , , , , , , , , , , , , , , , , , , , , , , , , , , , , , , , , , , , , , , , , ,""
"Line(00066)", , , ,"1 ","2 ","4 ","5A","5 ","6 ","7 ", , , ,"8 ","9 ","10 ","11 ","12 ","13 ","14 ","15 ","16 ","17 ", , , ,"18 ","19 ","20 ","21 ","22 ","23 ","24 ","25 ","26 ", , , , , , , , , , , , , , , , , , , , , , , , , , , , , , , , , , , , , , , , , , , , , , ,""
"Line(00067)", ,"GENERAL SERVICE COST CENTERS", ," "," "," "," "," "," "," ", , ,"GENERAL SERVICE COST CENTERS"," "," "," "," "," "," "," "," "," "," ", , ,"GENERAL SERVICE COST CENTERS"," "," "," "," "," "," "," "," "," ", , , , , , , , , , , , , , , , , , , , , , , , , , , , , , , , , , , , , , , , , , , , , , ,""
"Line(00068)","1 "," Capital Related Costs-Buildings and Fixtures", , ," "," ", , , , ,"1 ","1 "," Capital Related Costs-Buildings and Fixtures", , , , , , , , , , ,"1 ","1 "," Capital Related Costs-Buildings and Fixtures", , , , , , , , , ,"1 ", , , , , , , , , , , , , , , , , , , , , , , , , , , , , , , , , , , , , , , , , , , , , ,""
"Line(00069)","2 "," Capital Related Costs-Movable Equipment", ," ", ," ", , , , ,"2 ","2 "," Capital Related Costs-Movable Equipment", , , , , , , , , , ,"2 ","2 "," Capital Related Costs-Movable Equipment", , , , , , , , , ,"2 ", , , , , , , , , , , , , , , , , , , , , , , , , , , , , , , , , , , , , , , , , , , , , ,""
"Line(00070)","4 "," Employee Benefits", , , , , , , , ,"4 ","4 "," Employee Benefits", , , , , , , , , , ,"4 ","4 "," Employee Benefits", , , , , , , , , ,"4 ", , , , , , , , , , , , , , , , , , , , , , , , , , , , , , , , , , , , , , , , , , , , , ,""
"Line(00071)","5 "," Administrative and General", , , , , , , , ,"5 ","5 "," Administrative and General", , , , , , , , , , ,"5 ","5 "," Administrative and General", , , , , , , , , ,"5 ", , , , , , , , , , , , , , , , , , , , , , , , , , , , , , , , , , , , , , , , , , , , , ,""
"Line(00072)","6 "," Maintenance and Repairs", , , , , , , , ,"6 ","6 "," Maintenance and Repairs", , , , , , , , , , ,"6 ","6 "," Maintenance and Repairs", , , , , , , , , ,"6 ", , , , , , , , , , , , , , , , , , , , , , , , , , , , , , , , , , , , , , , , , , , , , ,""
"Line(00073)","7 "," Operation of Plant", , , , , , , , ,"7 ","7 "," Operation of Plant", , , , , , , , , , ,"7 ","7 "," Operation of Plant", , , , , , , , , ,"7 ", , , , , , , , , , , , , , , , , , , , , , , , , , , , , , , , , , , , , , , , , , , , , ,""
"Line(00074)","8 "," Laundry and Linen Service", , , , , , , , ,"8 ","8 "," Laundry and Linen Service", , , , , , , , , , ,"8 ","8 "," Laundry and Linen Service", , , , , , , , , ,"8 ", , , , , , , , , , , , , , , , , , , , , , , , , , , , , , , , , , , , , , , , , , , , , ,""
"Line(00075)","9 "," Housekeeping", , , , , , , , ,"9 ","9 "," Housekeeping", , , , , , , , , , ,"9 ","9 "," Housekeeping", , , , , , , , , ,"9 ", , , , , , , , , , , , , , , , , , , , , , , , , , , , , , , , , , , , , , , , , , , , , ,""
"Line(00076)","10 "," Dietary", , , , , , , , ,"10 ","10 "," Dietary", , , , , , , , , , ,"10 ","10 "," Dietary", , , , , , , , , ,"10 ", , , , , , , , , , , , , , , , , , , , , , , , , , , , , , , , , , , , , , , , , , , , , ,""
"Line(00077)","11 "," Cafeteria", , , , , , , , ,"11 ","11 "," Cafeteria", , , , , , , , , , ,"11 ","11 "," Cafeteria", , , , , , , , , ,"11 ", , , , , , , , , , , , , , , , , , , , , , , , , , , , , , , , , , , , , , , , , , , , , ,""
"Line(00078)","12 "," Maintenance of Personnel", , , , , , , , ,"12 ","12 "," Maintenance of Personnel", , , , , , , , , , ,"12 ","12 "," Maintenance of Personnel", , , , , , , , , ,"12 ", , , , , , , , , , , , , , , , , , , , , , , , , , , , , , , , , , , , , , , , , , , , , ,""
"Line(00079)","13 "," Nursing Administration", , , , , , , , ,"13 ","13 "," Nursing Administration", , , , , , , , , , ,"13 ","13 "," Nursing Administration", , , , , , , , , ,"13 ", , , , , , , , , , , , , , , , , , , , , , , , , , , , , , , , , , , , , , , , , , , , , ,""
"Line(00080)","14 "," Central Services and Supply", , , , , , , , ,"14 ","14 "," Central Services and Supply", , , , , , , , , , ,"14 ","14 "," Central Services and Supply", , , , , , , , , ,"14 ", , , , , , , , , , , , , , , , , , , , , , , , , , , , , , , , , , , , , , , , , , , , , ,""
"Line(00081)","15 "," Pharmacy", , , , , , , , ,"15 ","15 "," Pharmacy", , , , , , , , , , ,"15 ","15 "," Pharmacy", , , , , , , , , ,"15 ", , , , , , , , , , , , , , , , , , , , , , , , , , , , , , , , , , , , , , , , , , , , , ,""
"Line(00082)","16 "," Medical Records & Medical Records Library", , , , , , , , ,"16 ","16 "," Medical Records & Medical Records Library", , , , , , , , , , ,"16 ","16 "," Medical Records & Medical Records Library", , , , , , , , , ,"16 ", , , , , , , , , , , , , , , , , , , , , , , , , , , , , , , , , , , , , , , , , , , , , ,""
"Line(00083)","17 "," Social Service", , , , , , , , ,"17 ","17 "," Social Service", , , , , , , , , , ,"17 ","17 "," Social Service", , , , , , , , , ,"17 ", , , , , , , , , , , , , , , , , , , , , , , , , , , , , , , , , , , , , , , , , , , , , ,""
"Line(00084)","18 "," Other General Service (specify)", , , , , , , , ,"18 ","18 "," Other General Service (specify)", , , , , , , , , , ,"18 ","18 "," Other General Service (specify)", , , , , , , , , ,"18 ", , , , , , , , , , , , , , , , , , , , , , , , , , , , , , , , , , , , , , , , , , , , , ,""
"Line(00085)","19 "," Nonphysician Anesthetists", , , , , , , , ,"19 ","19 "," Nonphysician Anesthetists", , , , , , , , , , ,"19 ","19 "," Nonphysician Anesthetists", ," ", , , , , , , ,"19 ", , , , , , , , , , , , , , , , , , , , , , , , , , , , , , , , , , , , , , , , , , , , , ,""
"Line(00086)","20 "," Nursing School", , , , , , , , ,"20 ","20 "," Nursing School", , , , , , , , , , ,"20 ","20 "," Nursing School", ," ", , , , , , , ,"20 ", , , , , , , , , , , , , , , , , , , , , , , , , , , , , , , , , , , , , , , , , , , , , ,""
"Line(00087)","21 "," Intern & Res. Service-Salary & Fringes (Approved)", , , , , , , , ,"21 ","21 "," Intern & Res. Service-Salary & Fringes (Approved)", , , , , , , , , , ,"21 ","21 "," Intern & Res. Service-Salary & Fringes (Approved)", ," "," "," ", , , , , ,"21 ", , , , , , , , , , , , , , , , , , , , , , , , , , , , , , , , , , , , , , , , , , , , , ,""
"Line(00088)","22 "," Intern & Res. Other Program Costs (Approved)", , , , , , , , ,"22 ","22 "," Intern & Res. Other Program Costs (Approved)", , , , , , , , , , ,"22 ","22 "," Intern & Res. Other Program Costs (Approved)", ," "," "," "," ", , , , ,"22 ", , , , , , , , , , , , , , , , , , , , , , , , , , , , , , , , , , , , , , , , , , , , , ,""
"Line(00089)","23 "," Paramedical Education Program (specify) ", , , , , , , , ,"23 ","23 "," Paramedical Education Program (specify) ", , , , , , , , , , ,"23 ","23 "," Paramedical Education Program (specify) ", ," "," "," "," "," ", , , ,"23 ", , , , , , , , , , , , , , , , , , , , , , , , , , , , , , , , , , , , , , , , , , , , , ,""
"Line(00090)", ,"INPATIENT ROUTINE SERVICE COST CENTERS", ," "," "," "," "," "," "," ", , ,"INPATIENT ROUTINE SERVICE COST CENTERS"," "," "," "," "," "," "," "," "," "," ", , ,"INPATIENT ROUTINE SERVICE COST CENTERS"," "," "," "," "," "," "," "," "," ", , , , , , , , , , , , , , , , , , , , , , , , , , , , , , , , , , , , , , , , , , , , , , ,""
"Line(00091)","30 "," Adults and Pediatrics (General Routine Care)", , , , , , , , ,"30 ","30 "," Adults and Pediatrics (General Routine Care)", , , , , , , , , , ,"30 ","30 "," Adults and Pediatrics (General Routine Care)", ," ", , , , ," "," "," ","30 ", , , , , , , , , , , , , , , , , , , , , , , , , , , , , , , , , , , , , , , , , , , , , ,""
"Line(00092)","31 "," Intensive Care Unit", , , , , , , , ,"31 ","31 "," Intensive Care Unit", , , , , , , , , , ,"31 ","31 "," Intensive Care Unit", ," ", , , , ," "," "," ","31 ", , , , , , , , , , , , , , , , , , , , , , , , , , , , , , , , , , , , , , , , , , , , , ,""
"Line(00093)","32 "," Coronary Care Unit", , , , , , , , ,"32 ","32 "," Coronary Care Unit", , , , , , , , , , ,"32 ","32 "," Coronary Care Unit", ," ", , , , ," "," "," ","32 ", , , , , , , , , , , , , , , , , , , , , , , , , , , , , , , , , , , , , , , , , , , , , ,""
"Line(00094)","33 "," Burn Intensive Care Unit", , , , , , , , ,"33 ","33 "," Burn Intensive Care Unit", , , , , , , , , , ,"33 ","33 "," Burn Intensive Care Unit", ," ", , , , ," "," "," ","33 ", , , , , , , , , , , , , , , , , , , , , , , , , , , , , , , , , , , , , , , , , , , , , ,""
"Line(00095)","34 "," Surgical Intensive Care Unit", , , , , , , , ,"34 ","34 "," Surgical Intensive Care Unit", , , , , , , , , , ,"34 ","34 "," Surgical Intensive Care Unit", ," ", , , , ," "," "," ","34 ", , , , , , , , , , , , , , , , , , , , , , , , , , , , , , , , , , , , , , , , , , , , , ,""
"Line(00096)","35 "," Other Special Care Unit (specify)", , , , , , , , ,"35 ","35 "," Other Special Care Unit (specify)", , , , , , , , , , ,"35 ","35 "," Other Special Care Unit (specify)", ," ", , , , ," "," "," ","35 ", , , , , , , , , , , , , , , , , , , , , , , , , , , , , , , , , , , , , , , , , , , , , ,""
"Line(00097)","40 "," Subprovider IPF", , , , , , , , ,"40 ","40 "," Subprovider IPF", , , , , , , , , , ,"40 ","40 "," Subprovider IPF", ," ", , , , , , , ,"40 ", , , , , , , , , , , , , , , , , , , , , , , , , , , , , , , , , , , , , , , , , , , , , ,""
"Line(00098)","41 "," Subprovider IRF", , , , , , , , ,"41 ","41 "," Subprovider IRF", , , , , , , , , , ,"41 ","41 "," Subprovider IRF", ," ", , , , , , , ,"41 ", , , , , , , , , , , , , , , , , , , , , , , , , , , , , , , , , , , , , , , , , , , , , ,""
"Line(00099)","42 "," Subprovider (specify)", , , , , , , , ,"42 ","42 "," Subprovider (specify)", , , , , , , , , , ,"42 ","42 "," Subprovider (specify)", ," ", , , , ," "," "," ","42 ", , , , , , , , , , , , , , , , , , , , , , , , , , , , , , , , , , , , , , , , , , , , , ,""
"Line(00100)","43 "," Nursery", , , , , , , , ,"43 ","43 "," Nursery", , , , , , , , , , ,"43 ","43 "," Nursery", ," ", , , , ," "," "," ","43 ", , , , , , , , , , , , , , , , , , , , , , , , , , , , , , , , , , , , , , , , , , , , , ,""
"Line(00101)","44 "," Skilled Nursing Facility", , , , , , , , ,"44 ","44 "," Skilled Nursing Facility", , , , , , , , , , ,"44 ","44 "," Skilled Nursing Facility", ," ", , , , ," "," "," ","44 ", , , , , , , , , , , , , , , , , , , , , , , , , , , , , , , , , , , , , , , , , , , , , ,""
"Line(00102)","45 "," Nursing Facility", , , , , , , , ,"45 ","45 "," Nursing Facility", , , , , , , , , , ,"45 ","45 "," Nursing Facility", ," ", , , , ," "," "," ","45 ", , , , , , , , , , , , , , , , , , , , , , , , , , , , , , , , , , , , , , , , , , , , , ,""
"Line(00103)","46 "," Other Long Term Care", , , , , , , , ,"46 ","46 "," Other Long Term Care", , , , , , , , , , ,"46 ","46 "," Other Long Term Care", ," ", , , , ," "," "," ","46 ", , , , , , , , , , , , , , , , , , , , , , , , , , , , , , , , , , , , , , , , , , , , , ,""
"Line(00104)", , , , , , , , , , , , , , , , , , , , , , , , , , , , , , , , , , , , , , , , , , , , , , , , , , , , , , , , , , , , , , , , , , , , , , , , , , , , , , , , , ,""
"Line(00105)", , , , , , , , , , , , , , , , , , , , , , , , , , , , , , , , , , , , , , , , , , , , , , , , , , , , , , , , , , , , , , , , , , , , , , , , , , , , , , , , , ,""
"Line(00106)", , , , , , , , , , , , , , , , , , , , , , , , , , , , , , , , , , , , , , , , , , , , , , , , , , , , , , , , , , , , , , , , , , , , , , , , , , , , , , , , , ,""
"Line(00107)", , , , , , , , , , , , , , , , , , , , , , , , , , , , , , , , , , , , , , , , , , , , , , , , , , , , , , , , , , , , , , , , , , , , , , , , , , , , , , , , , ,""
"Line(00108)","\"FORM CMS-2552-10 (08/2011) (INSTRUCTIONS FOR THIS WORKSHEET ARE PUBLISHED IN CMS PUB. 15-II"," SECTION 4020)\"", , , , , , , , , , ,"\"FORM CMS-2552-10 (08/2011) (INSTRUCTIONS FOR THIS WORKSHEET ARE PUBLISHED IN CMS PUB. 15-II"," SECTION 4020)\"", , , , , , , , , , , , ,"\"FORM CMS-2552-10 (08/2011) (INSTRUCTIONS FOR THIS WORKSHEET ARE PUBLISHED IN CMS PUB. 15-II"," SECTION 4020)\"", , , , , , , , , , , , , , , , , , , , , , , , , , , , , , , , , , , , , , , , , , , , , , , , , , , , , , , , ,""
"Line(00109)","Rev. 2", , , , , , , , , ,"          40-553","40-556", , , , , , , , , , , ,"Rev. 2","Rev. 2", , , , , , , , , , ,"          40-559", , , , , , , , , , , , , , , , , , , , , , , , , , , , , , , , , , , , , , , , , , , , , ,""
"Line(00110)","4090 (Cont.)", , , ,"FORM CMS-2552-10", , , , , ,"08-11","08-11", , , ,"FORM CMS-2552-10", , , , , , , ,"4090 (Cont.)","4090 (Cont.)", , , ,"FORM CMS-2552-10", , , , , , ,"08-11", , , , , , , , , , , , , , , , , , , , , , , , , , , , , , , , , , , , , , , , , , , , , ,""
"Line(00111)","COST ALLOCATION - STATISTICAL BASIS", , , , ," PROVIDER CCN:", ," PERIOD:", ," WORKSHEET B-1", ,"COST ALLOCATION - STATISTICAL BASIS", , , , , , ," PROVIDER CCN:", ," PERIOD:", ," WORKSHEET B-1", ,"COST ALLOCATION - STATISTICAL BASIS", , , , , ," PROVIDER CCN:", ," PERIOD:", ," WORKSHEET B-1", , , , , , , , , , , , , , , , , , , , , , , , , , , , , , , , , , , , , , , , , , , , , , ,""
"Line(00112)", , , , , , , ," FROM ____________", , , , , , , , , , , , ," FROM ____________", , , , , , , , , , , ," FROM ____________", , , , , , , , , , , , , , , , , , , , , , , , , , , , , , , , , , , , , , , , , , , , , , , , ,""
"Line(00113)", , , , , ," ________________", ," TO _______________", ," ", , , , , , , , ," ________________", ," TO _______________", , , , , , , , , ," ________________", ," TO _______________", , , , , , , , , , , , , , , , , , , , , , , , , , , , , , , , , , , , , , , , , , , , , , , , ,""
"Line(00114)", , , ,"CAPITAL RELATED COST", ," ", ,"ADMINIS-","MAIN-", , , , ,"LAUNDRY", , , ,"MAIN-","NURSING","CENTRAL", ,"MEDICAL", , , , , ,"NON-", ,"INTERNS & RESIDENTS", ,"PARA-", ,"INTERN &", , , , , , , , , , , , , , , , , , , , , , , , , , , , , , , , , , , , , , , , , , , , , , , ,""
"Line(00115)", , , ,"BLDGS. &","MOVABLE","EMPLOYEE", ,"TRATIVE &","TENANCE &","OPERATION", , , ,"& LINEN","HOUSE-", , ,"TENANCE OF","ADMINIS-","SERVICES &", ,"RECORDS &","SOCIAL", , , ,"OTHER","PHYSICIAN","NURSING","SALARY AND","PROGRAM","MEDICAL", ,"RESIDENT ", , , , , , , , , , , , , , , , , , , , , , , , , , , , , , , , , , , , , , , , , , , , , , , ,""
"Line(00116)", , , ,"FIXTURES","EQUIPMENT","BENEFITS", ,"GENERAL","REPAIRS","OF PLANT", , , ,"SERVICE","KEEPING","DIETARY","CAFETERIA","PERSONNEL","TRATION","SUPPLY","PHARMACY","LIBRARY","SERVICE", , , ,"GENERAL","ANES-","SCHOOL","FRINGES","COSTS","EDUCATION", ,"COST & POST", , , , , , , , , , , , , , , , , , , , , , , , , , , , , , , , , , , , , , , , , , , , , , , ,""
"Line(00117)", ,"COST CENTER DESCRIPTIONS", ,"(SQUARE","(DOLLAR","(GROSS","RECONCIL-","(ACCUM.","(SQUARE","(SQUARE", , ,"COST CENTER DESCRIPTIONS","(POUNDS OF","(HOURS OF","(MEALS","(MEALS","(NUMBER","(DIRECT","(COSTED","(COSTED","(TIME","(TIME", , ,"COST CENTER DESCRIPTIONS","SERVICE","THETISTS","(ASSIGNED","(ASSIGNED","(ASSIGNED","(ASSIGNED", ,"STEPDOWN", , , , , , , , , , , , , , , , , , , , , , , , , , , , , , , , , , , , , , , , , , , , , , , ,""
"Line(00118)", , , ,"FEET)","VALUE)","SALARIES)","IATION","COST)","FEET)","FEET)", , , ,"LAUNDRY)","SERVICE)","SERVED)","SERVED)","HOUSED)","NURS. HRS)","REQUIS.)","REQUIS.)","SPENT)","SPENT)", , , ,"(SPECIFY)","(ASGND TIME)","TIME)","TIME)","TIME)","TIME)","SUBTOTAL"," ADJUSTMENTS","TOTAL", , , , , , , , , , , , , , , , , , , , , , , , , , , , , , , , , , , , , , , , , , , , , , ,""
"Line(00119)", , , ,"1 ","2 ","4 ","5A","5 ","6 ","7 ", , , ,"8 ","9 ","10 ","11 ","12 ","13 ","14 ","15 ","16 ","17 ", , , ,"18 ","19 ","20 ","21 ","22 ","23 ","24 ","25 ","26 ", , , , , , , , , , , , , , , , , , , , , , , , , , , , , , , , , , , , , , , , , , , , , , ,""
"Line(00120)", ,"ANCILLARY SERVICE COST CENTERS", ," "," "," "," "," "," "," ", , ,"ANCILLARY SERVICE COST CENTERS"," "," "," "," "," "," "," "," "," "," ", , ,"ANCILLARY SERVICE COST CENTERS"," "," "," "," "," "," "," "," "," ", , , , , , , , , , , , , , , , , , , , , , , , , , , , , , , , , , , , , , , , , , , , , , ,""
"Line(00121)","50 "," Operating Room", , , , , , , , ,"50 ","50 "," Operating Room", , , , , , , , , , ,"50 ","50 "," Operating Room", , , , , , ," "," "," ","50 ", , , , , , , , , , , , , , , , , , , , , , , , , , , , , , , , , , , , , , , , , , , , , ,""
"Line(00122)","51 "," Recovery Room", , , , , , , , ,"51 ","51 "," Recovery Room", , , , , , , , , , ,"51 ","51 "," Recovery Room", , , , , , ," "," "," ","51 ", , , , , , , , , , , , , , , , , , , , , , , , , , , , , , , , , , , , , , , , , , , , , ,""
"Line(00123)","52 "," Labor Room and Delivery Room", , , , , , , , ,"52 ","52 "," Labor Room and Delivery Room", , , , , , , , , , ,"52 ","52 "," Labor Room and Delivery Room", , , , , , ," "," "," ","52 ", , , , , , , , , , , , , , , , , , , , , , , , , , , , , , , , , , , , , , , , , , , , , ,""
"Line(00124)","53 "," Anesthesiology", , , , , , , , ,"53 ","53 "," Anesthesiology", , , , , , , , , , ,"53 ","53 "," Anesthesiology", , , , , , ," "," "," ","53 ", , , , , , , , , , , , , , , , , , , , , , , , , , , , , , , , , , , , , , , , , , , , , ,""
"Line(00125)","54 "," Radiology-Diagnostic", , , , , , , , ,"54 ","54 "," Radiology-Diagnostic", , , , , , , , , , ,"54 ","54 "," Radiology-Diagnostic", , , , , , ," "," "," ","54 ", , , , , , , , , , , , , , , , , , , , , , , , , , , , , , , , , , , , , , , , , , , , , ,""
"Line(00126)","55 "," Radiology-Therapeutic", , , , , , , , ,"55 ","55 "," Radiology-Therapeutic", , , , , , , , , , ,"55 ","55 "," Radiology-Therapeutic", , , , , , ," "," "," ","55 ", , , , , , , , , , , , , , , , , , , , , , , , , , , , , , , , , , , , , , , , , , , , , ,""
"Line(00127)","56 "," Radioisotope", , , , , , , , ,"56 ","56 "," Radioisotope", , , , , , , , , , ,"56 ","56 "," Radioisotope", , , , , , ," "," "," ","56 ", , , , , , , , , , , , , , , , , , , , , , , , , , , , , , , , , , , , , , , , , , , , , ,""
"Line(00128)","57 "," Computed Tomography (CT) Scan", , , , , , , , ,"57 ","57 "," Computed Tomography (CT) Scan", , , , , , , , , , ,"57 ","57 "," Computed Tomography (CT) Scan", , , , , , , , , ,"57 ", , , , , , , , , , , , , , , , , , , , , , , , , , , , , , , , , , , , , , , , , , , , , ,""
"Line(00129)","58 "," Magnetic Resonance Imaging (MRI)", , , , , , , , ,"58 ","58 "," Magnetic Resonance Imaging (MRI)", , , , , , , , , , ,"58 ","58 "," Magnetic Resonance Imaging (MRI)", , , , , , , , , ,"58 ", , , , , , , , , , , , , , , , , , , , , , , , , , , , , , , , , , , , , , , , , , , , , ,""
"Line(00130)","59 "," Cardiac Catheterization", , , , , , , , ,"59 ","59 "," Cardiac Catheterization", , , , , , , , , , ,"59 ","59 "," Cardiac Catheterization", , , , , , , , , ,"59 ", , , , , , , , , , , , , , , , , , , , , , , , , , , , , , , , , , , , , , , , , , , , , ,""
"Line(00131)","60 "," Laboratory", , , , , , , , ,"60 ","60 "," Laboratory", , , , , , , , , , ,"60 ","60 "," Laboratory", , , , , , ," "," "," ","60 ", , , , , , , , , , , , , , , , , , , , , , , , , , , , , , , , , , , , , , , , , , , , , ,""
"Line(00132)","61 "," PBP Clinical Laboratory Services-Program Only", ," "," "," ", ," "," "," ","61 ","61 "," PBP Clinical Laboratory Services-Program Only"," "," "," "," "," "," "," "," "," "," ","61 ","61 "," PBP Clinical Laboratory Services-Program Only"," "," "," "," "," "," "," "," "," ","61 ", , , , , , , , , , , , , , , , , , , , , , , , , , , , , , , , , , , , , , , , , , , , , ,""
"Line(00133)","62 "," Whole Blood & Packed Red Blood Cells", , , , , , , , ,"62 ","62 "," Whole Blood & Packed Red Blood Cells", , , , , , , , , , ,"62 ","62 "," Whole Blood & Packed Red Blood Cells", , , , , , ," "," "," ","62 ", , , , , , , , , , , , , , , , , , , , , , , , , , , , , , , , , , , , , , , , , , , , , ,""
"Line(00134)","63 ","\" Blood Storing"," Processing"," & Trans.\"", , , , , , , , ,"63 ","63 ","\" Blood Storing"," Processing"," & Trans.\"", , , , , , , , , , ,"63 ","63 ","\" Blood Storing"," Processing"," & Trans.\"", , , , , , ," "," "," ","63 ", , , , , , , , , , , , , , , , , , , , , , , , , , , , , , , , , , , , , , , , , , , , , ,""
"Line(00135)","64 "," Intravenous Therapy", , , , , , , , ,"64 ","64 "," Intravenous Therapy", , , , , , , , , , ,"64 ","64 "," Intravenous Therapy", , , , , , ," "," "," ","64 ", , , , , , , , , , , , , , , , , , , , , , , , , , , , , , , , , , , , , , , , , , , , , ,""
"Line(00136)","65 "," Respiratory Therapy", , , , , , , , ,"65 ","65 "," Respiratory Therapy", , , , , , , , , , ,"65 ","65 "," Respiratory Therapy", , , , , , ," "," "," ","65 ", , , , , , , , , , , , , , , , , , , , , , , , , , , , , , , , , , , , , , , , , , , , , ,""
"Line(00137)","66 "," Physical Therapy", , , , , , , , ,"66 ","66 "," Physical Therapy", , , , , , , , , , ,"66 ","66 "," Physical Therapy", , , , , , ," "," "," ","66 ", , , , , , , , , , , , , , , , , , , , , , , , , , , , , , , , , , , , , , , , , , , , , ,""
"Line(00138)","67 "," Occupational Therapy", , , , , , , , ,"67 ","67 "," Occupational Therapy", , , , , , , , , , ,"67 ","67 "," Occupational Therapy", , , , , , ," "," "," ","67 ", , , , , , , , , , , , , , , , , , , , , , , , , , , , , , , , , , , , , , , , , , , , , ,""
"Line(00139)","68 "," Speech Pathology", , , , , , , , ,"68 ","68 "," Speech Pathology", , , , , , , , , , ,"68 ","68 "," Speech Pathology", , , , , , ," "," "," ","68 ", , , , , , , , , , , , , , , , , , , , , , , , , , , , , , , , , , , , , , , , , , , , , ,""
"Line(00140)","69 "," Electrocardiology", , , , , , , , ,"69 ","69 "," Electrocardiology", , , , , , , , , , ,"69 ","69 "," Electrocardiology", , , , , , ," "," "," ","69 ", , , , , , , , , , , , , , , , , , , , , , , , , , , , , , , , , , , , , , , , , , , , , ,""
"Line(00141)","70 "," Electroencephalography", , , , , , , , ,"70 ","70 "," Electroencephalography", , , , , , , , , , ,"70 ","70 "," Electroencephalography", , , , , , ," "," "," ","70 ", , , , , , , , , , , , , , , , , , , , , , , , , , , , , , , , , , , , , , , , , , , , , ,""
"Line(00142)","71 "," Medical Supplies Charged to Patients", , , , , , , , ,"71 ","71 "," Medical Supplies Charged to Patients", , , , , , , , , , ,"71 ","71 "," Medical Supplies Charged to Patients", , , , , , ," "," "," ","71 ", , , , , , , , , , , , , , , , , , , , , , , , , , , , , , , , , , , , , , , , , , , , , ,""
"Line(00143)","72 "," Implantable Devices Charged to Patients", , , , , , , , ,"72 ","72 "," Implantable Devices Charged to Patients", , , , , , , , , , ,"72 ","72 "," Implantable Devices Charged to Patients", , , , , , , , , ,"72 ", , , , , , , , , , , , , , , , , , , , , , , , , , , , , , , , , , , , , , , , , , , , , ,""
"Line(00144)","73 "," Drugs Charged to Patients", , , , , , , , ,"73 ","73 "," Drugs Charged to Patients", , , , , , , , , , ,"73 ","73 "," Drugs Charged to Patients", , , , , , ," "," "," ","73 ", , , , , , , , , , , , , , , , , , , , , , , , , , , , , , , , , , , , , , , , , , , , , ,""
"Line(00145)","74 "," Renal Dialysis", , , , , , , , ,"74 ","74 "," Renal Dialysis", , , , , , , , , , ,"74 ","74 "," Renal Dialysis", , , , , , ," "," "," ","74 ", , , , , , , , , , , , , , , , , , , , , , , , , , , , , , , , , , , , , , , , , , , , , ,""
"Line(00146)","75 "," ASC (Non-Distinct Part)", , , , , , , , ,"75 ","75 "," ASC (Non-Distinct Part)", , , , , , , , , , ,"75 ","75 "," ASC (Non-Distinct Part)", , , , , , ," "," "," ","75 ", , , , , , , , , , , , , , , , , , , , , , , , , , , , , , , , , , , , , , , , , , , , , ,""
"Line(00147)","76 "," Other Ancillary (specify)", , , , , , , , ,"76 ","76 "," Other Ancillary (specify)", , , , , , , , , , ,"76 ","76 "," Other Ancillary (specify)", , , , , , ," "," "," ","76 ", , , , , , , , , , , , , , , , , , , , , , , , , , , , , , , , , , , , , , , , , , , , , ,""
"Line(00148)", ,"OUTPATIENT SERVICE COST CENTERS", ," "," "," "," "," "," "," ", , ,"OUTPATIENT SERVICE COST CENTERS"," "," "," "," "," "," "," "," "," "," ", , ,"OUTPATIENT SERVICE COST CENTERS"," "," "," "," "," "," "," "," "," ", , , , , , , , , , , , , , , , , , , , , , , , , , , , , , , , , , , , , , , , , , , , , , ,""
"Line(00149)","88 "," Rural Health Clinic (RHC)", , , , , , , , ,"88 ","88 "," Rural Health Clinic (RHC)", , , , , , , , , , ,"88 ","88 "," Rural Health Clinic (RHC)", , , , , , ," "," "," ","88 ", , , , , , , , , , , , , , , , , , , , , , , , , , , , , , , , , , , , , , , , , , , , , ,""
"Line(00150)","89 "," Federally Qualified Health Center (FQHC)", , , , , , , , ,"89 ","89 "," Federally Qualified Health Center (FQHC)", , , , , , , , , , ,"89 ","89 "," Federally Qualified Health Center (FQHC)", , , , , , , , , ,"89 ", , , , , , , , , , , , , , , , , , , , , , , , , , , , , , , , , , , , , , , , , , , , , ,""
"Line(00151)","90 "," Clinic", , , , , , , , ,"90 ","90 "," Clinic", , , , , , , , , , ,"90 ","90 "," Clinic", , , , , , , , , ,"90 ", , , , , , , , , , , , , , , , , , , , , , , , , , , , , , , , , , , , , , , , , , , , , ,""
"Line(00152)","91 "," Emergency", , , , , , , , ,"91 ","91 "," Emergency", , , , , , , , , , ,"91 ","91 "," Emergency", , , , , , ," "," "," ","91 ", , , , , , , , , , , , , , , , , , , , , , , , , , , , , , , , , , , , , , , , , , , , , ,""
"Line(00153)","92 "," Observation Beds", ," "," "," "," "," "," "," ","92 ","92 "," Observation Beds"," "," "," "," "," "," "," "," "," "," ","92 ","92 "," Observation Beds"," "," "," "," "," "," "," "," "," ","92 ", , , , , , , , , , , , , , , , , , , , , , , , , , , , , , , , , , , , , , , , , , , , , ,""
"Line(00154)","93 "," Other Outpatient Service (specify)", , , , , , , , ,"93 ","93 "," Other Outpatient Service (specify)", , , , , , , , , , ,"93 ","93 "," Other Outpatient Service (specify)", , , , , , ," "," "," ","93 ", , , , , , , , , , , , , , , , , , , , , , , , , , , , , , , , , , , , , , , , , , , , , ,""
"Line(00155)","4090 (Cont.)", ,"   FORM CMS-2552-10", , , ,"08-11", , , , , , , , , , , , , , , , , , , , , , ,""
"Line(00156)","POST STEPDOWN ADJUSTMENTS", ," PROVIDER CCN:"," PERIOD:", ," WORKSHEET B-2", , , , , , , , , , , , , , , , , , , , , , , ,"  ."
"Line(00157)", , , ," FROM ____________", , , , , , , , , , , , , , , , , , , , , , , , , ,""
"Line(00158)", , ," ________________"," TO _______________", , , , , , , , , , , , , , , , , , , , , , , , , ,""
"Line(00159)", , , ,"WORKSHEET ", , , , , , , , , , , , , , , , , , , , , , , , , ,""
"Line(00160)", ,"DESCRIPTION", ,"PART","LINE NO.","AMOUNT", , , , , , , , , , , , , , , , , , , , , , , ,""
"Line(00161)", ,"1 ", ,"2","3","4", , , , , , , , , , , , , , , , , , , , , , , ,""
"Line(00162)","1 "," Adjustment for EPO costs in Renal Dialysis cost center", ,"1 ","74 ", ,"1 ", , , , , , , , , , , , , , , , , , , , , , ,""
"Line(00163)","2 "," Adjustment for EPO costs in Home Program Dialysis cost center", ,"1 ","94 ", ,"2 ", , , , , , , , , , , , , , , , , , , , , , ,""
"Line(00164)","3 "," Adjustment for ARANESP costs in Renal Dialysis cost center", ,"1 ","74 ", ,"3 ", , , , , , , , , , , , , , , , , , , , , , ,""
"Line(00165)","4 "," Adjustment for ARANESP costs in Home Program Dialysis cost center", ,"1 ","94 ", ,"4 ", , , , , , , , , , , , , , , , , , , , , , ,""
"Line(00166)","5 ", , , , , ,"5 ", , , , , , , , , , , , , , , , , , , , , , ,""
"Line(00167)","6 ", , , , , ,"6 ", , , , , , , , , , , , , , , , , , , , , , ,""
"Line(00168)","7 ", , , , , ,"7 ", , , , , , , , , , , , , , , , , , , , , , ,""
"Line(00169)","8 ", , , , , ,"8 ", , , , , , , , , , , , , , , , , , , , , , ,""
"Line(00170)","9 ", , , , , ,"9 ", , , , , , , , , , , , , , , , , , , , , , ,""
"Line(00171)","10 ", , , , , ,"10 ", , , , , , , , , , , , , , , , , , , , , , ,""
"Line(00172)","11 ", , , , , ,"11 ", , , , , , , , , , , , , , , , , , , , , , ,""
"Line(00173)","12 ", , , , , ,"12 ", , , , , , , , , , , , , , , , , , , , , , ,""
"Line(00174)","13 ", , , , , ,"13 ", , , , , , , , , , , , , , , , , , , , , , ,""
"Line(00175)","14 ", , , , , ,"14 ", , , , , , , , , , , , , , , , , , , , , , ,""
"Line(00176)","15 ", , , , , ,"15 ", , , , , , , , , , , , , , , , , , , , , , ,""
"Line(00177)","16 ", , , , , ,"16 ", , , , , , , , , , , , , , , , , , , , , , ,""
"Line(00178)","17 ", , , , , ,"17 ", , , , , , , , , , , , , , , , , , , , , , ,""
"Line(00179)","18 ", , , , , ,"18 ", , , , , , , , , , , , , , , , , , , , , , ,""
"Line(00180)","19 ", , , , , ,"19 ", , , , , , , , , , , , , , , , , , , , , , ,""
"Line(00181)","20 ", , , , , ,"20 ", , , , , , , , , , , , , , , , , , , , , , ,""
"Line(00182)","21 ", , , , , ,"21 ", , , , , , , , , , , , , , , , , , , , , , ,""
"Line(00183)","22 ", , , , , ,"22 ", , , , , , , , , , , , , , , , , , , , , , ,""
"Line(00184)","23 ", , , , , ,"23 ", , , , , , , , , , , , , , , , , , , , , , ,""
"Line(00185)","24 ", , , , , ,"24 ", , , , , , , , , , , , , , , , , , , , , , ,""
"Line(00186)","25 ", , , , , ,"25 ", , , , , , , , , , , , , , , , , , , , , , ,""
"Line(00187)","26 ", , , , , ,"26 ", , , , , , , , , , , , , , , , , , , , , , ,""
"Line(00188)","27 ", , , , , ,"27 ", , , , , , , , , , , , , , , , , , , , , , ,""
"Line(00189)","28 ", , , , , ,"28 ", , , , , , , , , , , , , , , , , , , , , , ,""
"Line(00190)","29 ", , , , , ,"29 ", , , , , , , , , , , , , , , , , , , , , , ,""
"Line(00191)", , , ,"NET EXPENSES","CAPITAL", ," ", ," ", , , , , , , , , ," "," ", , , , , , , , , , ," "," ", , ,"INTERN &"
"Line(00192)", , , ,"FOR COST","RELATED COSTS", , , , , , , , , , , , , , , , , , , , , , , ,"NON-", ,"INTERNS &","INTERNS &", , ,"RESIDENT "
"Line(00193)", , , ,"ALLOCATION"," "," ", , ,"ADMINIS-","MAIN-", , , , ,"LAUNDRY", , , ,"MAIN-","NURSING","CENTRAL", ,"MEDICAL", , , , ,"OTHER","PHYSICIAN", ,"RESIDENTS","RESIDENTS","PARAMEDICAL", ,"COST & POST"
"Line(00194)", , ,"COST CENTER DESCRIPTIONS","(from Wkst.","BLDGS. &","MOVABLE","EMPLOYEE","SUBTOTAL","TRATIVE &","TENANCE &","OPERATION", , ,"COST CENTER DESCRIPTIONS","& LINEN","HOUSE-"," ", ,"TENANCE OF","ADMINIS-","SERVICES &", ,"RECORDS &","SOCIAL", , ,"COST CENTER DESCRIPTIONS","GENERAL","ANES-","NURSING","SALARY AND","PROGRAM","EDUCATION", ,"STEPDOWN"
"Line(00195)", , , ,"A col. 7)","FIXTURES","EQUIPMENT","BENEFITS","(cols. 0-4)","GENERAL","REPAIRS","OF PLANT", , , ,"SERVICE","KEEPING","DIETARY","CAFETERIA","PERSONNEL","TRATION","SUPPLY","PHARMACY","LIBRARY","SERVICE", , , ,"SERVICE","THETISTS","SCHOOL","FRINGES","COSTS","(SPECIFY)","SUBTOTAL"," ADJUSTMENTS","TOTAL"
"Line(00196)", , , ,"0","1","2","4","4A","5","6","7", , , ,"8","9","10","11","12","13","14","15","16","17", , , ,"18","19","20","21","22","23","24","25","26"
"Line(00197)","4090 (Cont.)", , , ,"FORM CMS-2552-10", , , , , ,"08-11","08-11", , , ,"FORM CMS-2552-10", , , , , , , ,"4090 (Cont.)","4090 (Cont.)", , , ,"FORM CMS-2552-10", , , , , , ,"08-11"
"Line(00198)","ALLOCATION OF CAPITAL-RELATED COSTS", , , , ," PROVIDER CCN:", ," PERIOD:", ,"\" WORKSHEET B","\"", ,"ALLOCATION OF CAPITAL-RELATED COSTS", , , , ," PROVIDER CCN:", , ," PERIOD:", , ,"\" WORKSHEET B","\"", ,"ALLOCATION OF CAPITAL-RELATED COSTS", , , , , ," PROVIDER CCN:", ," PERIOD:", ,"\" WORKSHEET B","\"",""
"Line(00199)", , , , , , , ," FROM ____________", ," PART II", , , , , , , , , ," FROM ____________", , ," PART II", , , , , , , , , ," FROM ____________", ," PART II",""
"Line(00200)", , , , , ," ________________", ," TO _______________", , , , , , , , ," ________________", , ," TO _______________", , , , , , , , , , ," ________________", ," TO _______________", , ,""
"Line(00201)", , ,"DIRECTLY","CAPITAL", , ," "," ", , , , , , , , , ," "," ", , , , , , , , , , ," "," ", , ,"INTERN &", ,""
"Line(00202)", , ,"ASSIGNED","RELATED COSTS", , , , , , , , , , , , , , , , , , , , , , , ,"NON-", ,"INTERNS &","INTERNS &", , ,"RESIDENT ", ,""
"Line(00203)", , ,"NEW CAPITAL"," "," ","SUBTOTAL", ,"ADMINIS-","MAIN-", , , , ,"LAUNDRY", , , ,"MAIN-","NURSING","CENTRAL", ,"MEDICAL", , , , ,"OTHER","PHYSICIAN", ,"RESIDENTS","RESIDENTS","PARAMEDICAL", ,"COST & POST", ,""
"Line(00204)", ,"COST CENTER DESCRIPTIONS","RELATED","BLDGS. &","MOVABLE","(sum of","EMPLOYEE","TRATIVE &","TENANCE &","OPERATION", , ,"COST CENTER DESCRIPTIONS","& LINEN","HOUSE-"," ", ,"TENANCE OF","ADMINIS-","SERVICES &", ,"RECORDS &","SOCIAL", , ,"COST CENTER DESCRIPTIONS","GENERAL","ANES-","NURSING","SALARY AND","PROGRAM","EDUCATION", ,"STEPDOWN", ,""
"Line(00205)", , ,"COSTS","FIXTURES","EQUIPMENT","(cols. 0-2)","BENEFITS","GENERAL","REPAIRS","OF PLANT", , , ,"SERVICE","KEEPING","DIETARY","CAFETERIA","PERSONNEL","TRATION","SUPPLY","PHARMACY","LIBRARY","SERVICE", , , ,"SERVICE","THETISTS","SCHOOL","FRINGES","COSTS","(SPECIFY)","SUBTOTAL"," ADJUSTMENTS","TOTAL",""
"Line(00206)", , ,"0","1 ","2 ","2A","4 ","5 ","6 ","7 ", , , ,"8 ","9 ","10 ","11 ","12 ","13 ","14 ","15 ","16 ","17 ", , , ,"18 ","19 ","20 ","21 ","22 ","23 ","24 ","25 ","26 ",""
"Line(00207)", ,"GENERAL SERVICE COST CENTERS", , , , , , , , , , ,"GENERAL SERVICE COST CENTERS", , , , , , , , , , , , ,"GENERAL SERVICE COST CENTERS", , , , , , , , , ,""
"Line(00208)","1 "," Capital Related Costs-Buildings and Fixtures", , , , , , , , ,"1 ","1 "," Capital Related Costs-Buildings and Fixtures", , , , , , , , , , ,"1 ","1 "," Capital Related Costs-Buildings and Fixtures", , , , , , , , , ,"1 "
"Line(00209)","2 "," Capital Related Costs-Movable Equipment", , , , , , , , ,"2 ","2 "," Capital Related Costs-Movable Equipment", , , , , , , , , , ,"2 ","2 "," Capital Related Costs-Movable Equipment", , , , , , , , , ,"2 "
"Line(00210)","4 "," Employee Benefits", , , , , , , , ,"4 ","4 "," Employee Benefits", , , , , , , , , , ,"4 ","4 "," Employee Benefits", , , , , , , , , ,"4 "
"Line(00211)","5 "," Administrative and General", , , , , , , , ,"5 ","5 "," Administrative and General", , , , , , , , , , ,"5 ","5 "," Administrative and General", , , , , , , , , ,"5 "
"Line(00212)","6 "," Maintenance and Repairs", , , , , , , , ,"6 ","6 "," Maintenance and Repairs", , , , , , , , , , ,"6 ","6 "," Maintenance and Repairs", , , , , , , , , ,"6 "
"Line(00213)","7 "," Operation of Plant", , , , , , , , ,"7 ","7 "," Operation of Plant", , , , , , , , , , ,"7 ","7 "," Operation of Plant", , , , , , , , , ,"7 "
"Line(00214)","8 "," Laundry and Linen Service", , , , , , , , ,"8 ","8 "," Laundry and Linen Service", , , , , , , , , , ,"8 ","8 "," Laundry and Linen Service", , , , , , , , , ,"8 "
"Line(00215)","9 "," Housekeeping", , , , , , , , ,"9 ","9 "," Housekeeping", , , , , , , , , , ,"9 ","9 "," Housekeeping", , , , , , , , , ,"9 "
"Line(00216)","10 "," Dietary", , , , , , , , ,"10 ","10 "," Dietary", , , , , , , , , , ,"10 ","10 "," Dietary", , , , , , , , , ,"10 "
"Line(00217)","11 "," Cafeteria", , , , , , , , ,"11 ","11 "," Cafeteria", , , , , , , , , , ,"11 ","11 "," Cafeteria", , , , , , , , , ,"11 "
"Line(00218)","12 "," Maintenance of Personnel", , , , , , , , ,"12 ","12 "," Maintenance of Personnel", , , , , , , , , , ,"12 ","12 "," Maintenance of Personnel", , , , , , , , , ,"12 "
"Line(00219)","13 "," Nursing Administration", , , , , , , , ,"13 ","13 "," Nursing Administration", , , , , , , , , , ,"13 ","13 "," Nursing Administration", , , , , , , , , ,"13 "
"Line(00220)","14 "," Central Services and Supply", , , , , , , , ,"14 ","14 "," Central Services and Supply", , , , , , , , , , ,"14 ","14 "," Central Services and Supply", , , , , , , , , ,"14 "
"Line(00221)","15 "," Pharmacy", , , , , , , , ,"15 ","15 "," Pharmacy", , , , , , , , , , ,"15 ","15 "," Pharmacy", , , , , , , , , ,"15 "
"Line(00222)","16 "," Medical Records & Medical Records Library", , , , , , , , ,"16 ","16 "," Medical Records & Medical Records Library", , , , , , , , , , ,"16 ","16 "," Medical Records & Medical Records Library", , , , , , , , , ,"16 "
"Line(00223)","17 "," Social Service", , , , , , , , ,"17 ","17 "," Social Service", , , , , , , , , , ,"17 ","17 "," Social Service", , , , , , , , , ,"17 "
"Line(00224)","18 "," Other General Service (specify)", , , , , , , , ,"18 ","18 "," Other General Service (specify)", , , , , , , , , , ,"18 ","18 "," Other General Service (specify)", , , , , , , , , ,"18 "
"Line(00225)","19 "," Nonphysician Anesthetists", , , , , , , , ,"19 ","19 "," Nonphysician Anesthetists", , , , , , , , , , ,"19 ","19 "," Nonphysician Anesthetists", ," ", , , , , , , ,"19 "
"Line(00226)","20 "," Nursing School", , , , , , , , ,"20 ","20 "," Nursing School", , , , , , , , , , ,"20 ","20 "," Nursing School", , , , , , , , , ,"20 "
"Line(00227)","21 "," Intern & Res. Service-Salary & Fringes (Approved)", , , , , , , , ,"21 ","21 "," Intern & Res. Service-Salary & Fringes (Approved)", , , , , , , , , , ,"21 ","21 "," Intern & Res. Service-Salary & Fringes (Approved)", , , ," ", , , , , ,"21 "
"Line(00228)","22 "," Intern & Res. Other Program Costs (Approved)", , , , , , , , ,"22 ","22 "," Intern & Res. Other Program Costs (Approved)", , , , , , , , , , ,"22 ","22 "," Intern & Res. Other Program Costs (Approved)", , , , ," ", , , , ,"22 "
"Line(00229)","23 "," Paramedical Education Program (specify) ", , , , , , , , ,"23 ","23 "," Paramedical Education Program (specify) ", , , , , , , , , , ,"23 ","23 "," Paramedical Education Program (specify) ", , , , , ," ", , , ,"23 "
"Line(00230)", ,"INPATIENT ROUTINE SERVICE COST CENTERS", , , , , , , , , , ,"INPATIENT ROUTINE SERVICE COST CENTERS", , , , , , , , , , , , ,"INPATIENT ROUTINE SERVICE COST CENTERS", , , , , , , , , ,""
"Line(00231)","30 "," Adults and Pediatrics (General Routine Care)", , , , , , , , ,"30 ","30 "," Adults and Pediatrics (General Routine Care)", , , , , , , , , , ,"30 ","30 "," Adults and Pediatrics (General Routine Care)", , , , , , , , , ,"30 "
"Line(00232)","31 "," Intensive Care Unit", , , , , , , , ,"31 ","31 "," Intensive Care Unit", , , , , , , , , , ,"31 ","31 "," Intensive Care Unit", , , , , , , , , ,"31 "
"Line(00233)","32 "," Coronary Care Unit", , , , , , , , ,"32 ","32 "," Coronary Care Unit", , , , , , , , , , ,"32 ","32 "," Coronary Care Unit", , , , , , , , , ,"32 "
"Line(00234)","33 "," Burn Intensive Care Unit", , , , , , , , ,"33 ","33 "," Burn Intensive Care Unit", , , , , , , , , , ,"33 ","33 "," Burn Intensive Care Unit", , , , , , , , , ,"33 "
"Line(00235)","34 "," Surgical Intensive Care Unit", , , , , , , , ,"34 ","34 "," Surgical Intensive Care Unit", , , , , , , , , , ,"34 ","34 "," Surgical Intensive Care Unit", , , , , , , , , ,"34 "
"Line(00236)","35 "," Other Special Care Unit (specify)", , , , , , , , ,"35 ","35 "," Other Special Care Unit (specify)", , , , , , , , , , ,"35 ","35 "," Other Special Care Unit (specify)", , , , , , , , , ,"35 "
"Line(00237)","40 "," Subprovider IPF", , , , , , , , ,"40 ","40 "," Subprovider IPF", , , , , , , , , , ,"40 ","40 "," Subprovider IPF", , , , , , , , , ,"40 "
"Line(00238)","41 "," Subprovider IRF", , , , , , , , ,"41 ","41 "," Subprovider IRF", , , , , , , , , , ,"41 ","41 "," Subprovider IRF", , , , , , , , , ,"41 "
"Line(00239)","42 "," Subprovider (specify)", , , , , , , , ,"42 ","42 "," Subprovider (specify)", , , , , , , , , , ,"42 ","42 "," Subprovider (specify)", , , , , , , , , ,"42 "
"Line(00240)","43 "," Nursery", , , , , , , , ,"43 ","43 "," Nursery", , , , , , , , , , ,"43 ","43 "," Nursery", , , , , , , , , ,"43 "
"Line(00241)","44 "," Skilled Nursing Facility", , , , , , , , ,"44 ","44 "," Skilled Nursing Facility", , , , , , , , , , ,"44 ","44 "," Skilled Nursing Facility", , , , , , , , , ,"44 "
"Line(00242)","45 "," Nursing Facility", , , , , , , , ,"45 ","45 "," Nursing Facility", , , , , , , , , , ,"45 ","45 "," Nursing Facility", , , , , , , , , ,"45 "
"Line(00243)","46 "," Other Long Term Care", , , , , , , , ,"46 ","46 "," Other Long Term Care", , , , , , , , , , ,"46 ","46 "," Other Long Term Care", , , , , , , , , ,"46 "
"Line(00244)","08-11", , , ,"FORM CMS-2552-10", , , , , , , , ,"4090 (Cont.)", , , , , , , , , , , , , , , , , ,""
"Line(00245)","COMPUTATION OF RATIO OF COSTS TO CHARGES", , , , , , , ," PROVIDER CCN:", ," PERIOD:", ," WORKSHEET C", , , , , , , , , , , , , , , , , , ,""
"Line(00246)", , , , , , , , , , ," FROM ____________", ," PART I", , , , , , , , , , , , , , , , , , ,""
"Line(00247)", , , , , , , , ," ________________", ," TO _______________", , , , , , , , , , , , , , , , , , , , ,""
"Line(00248)", , ,"Total Cost", ,"Costs", , ,"Charges", , , , , , , , , , , , , , , , , , , , , , , ,""
"Line(00249)", , ,"(from Wkst.","Therapy", ,"RCE", , , ,"Total", ,"TEFRA","PPS", , , , , , , , , , , , , , , , , , ,""
"Line(00250)", ,"COST CENTER DESCRIPTIONS","\"B"," Part I","\"","Limit","Total","Dis-","Total", , ,"(column 6","Cost or ","Inpatient","Inpatient", , , , , , , , , , , , , , , , , , ,""
"Line(00251)", , ,"col. 26)","Adj.","Costs","allowance","Costs","Inpatient","Outpatient","+ column 7)","Other Ratio","Ratio","Ratio", , , , , , , , , , , , , , , , , , ,""
"Line(00252)", , ,"1","2","3","4","5","6","7","8","9","10","11", , , , , , , , , , , , , , , , , , ,""
"Line(00253)", ,"INPATIENT ROUTINE SERVICE COST CENTERS", , , , , , , , , , , , , , , , , , , , , , , , , , , , , ,""
"Line(00254)","30 "," Adults and Pediatrics (General Routine Care)", , , , , , , , , , , ,"30 ", , , , , , , , , , , , , , , , , ,""
"Line(00255)","31 "," Intensive Care Unit", , , , , , , , , , , ,"31 ", , , , , , , , , , , , , , , , , ,""
"Line(00256)","32 "," Coronary Care Unit", , , , , , , , , , , ,"32 ", , , , , , , , , , , , , , , , , ,""
"Line(00257)","33 "," Burn Intensive Care Unit", , , , , , , , , , , ,"33 ", , , , , , , , , , , , , , , , , ,""
"Line(00258)","34 "," Surgical Intensive Care Unit", , , , , , , , , , , ,"34 ", , , , , , , , , , , , , , , , , ,""
"Line(00259)","35 "," Other Special Care (specify)", , , , , , , , , , , ,"35 ", , , , , , , , , , , , , , , , , ,""
"Line(00260)","40 "," Subprovider IPF", , , , , , , , , , , ,"40 ", , , , , , , , , , , , , , , , , ,""
"Line(00261)","41 "," Subprovider IRF", , , , , , , , , , , ,"41 ", , , , , , , , , , , , , , , , , ,""
"Line(00262)","42 "," Subprovider (Specify)", , , , , , , , , , , ,"42 ", , , , , , , , , , , , , , , , , ,""
"Line(00263)","43 "," Nursery", , , , , , , , , , , ,"43 ", , , , , , , , , , , , , , , , , ,""
"Line(00264)","44 "," Skilled Nursing Facility", , , , , , , , , , , ,"44 ", , , , , , , , , , , , , , , , , ,""
"Line(00265)","45 "," Nursing Facility", , , , , , , , , , , ,"45 ", , , , , , , , , , , , , , , , , ,""
"Line(00266)","46 "," Other Long Term Care", , , , , , , , , , , ,"46 ", , , , , , , , , , , , , , , , , ,""
"Line(00267)", ,"ANCILLARY SERVICE COST CENTERS", , , , , , , , , , , , , , , , , , , , , , , , , , , , , ,""
"Line(00268)","50 "," Operating Room", , , , , , , , , , , ,"50 ", , , , , , , , , , , , , , , , , ,""
"Line(00269)","51 "," Recovery Room", , , , , , , , , , , ,"51 ", , , , , , , , , , , , , , , , , ,""
"Line(00270)","52 "," Labor Room and Delivery Room ", , , , , , , , , , , ,"52 ", , , , , , , , , , , , , , , , , ,""
"Line(00271)","53 "," Anesthesiology", , , , , , , , , , , ,"53 ", , , , , , , , , , , , , , , , , ,""
"Line(00272)","54 "," Radiology-Diagnostic", , , , , , , , , , , ,"54 ", , , , , , , , , , , , , , , , , ,""
"Line(00273)","55 "," Radiology-Therapeutic", , , , , , , , , , , ,"55 ", , , , , , , , , , , , , , , , , ,""
"Line(00274)","56 "," Radioisotope", , , , , , , , , , , ,"56 ", , , , , , , , , , , , , , , , , ,""
"Line(00275)","57 "," Computed Tomography (CT) Scan", , , , , , , , , , , ,"57 ", , , , , , , , , , , , , , , , , ,""
"Line(00276)","58 "," Magnetic Resonance Imaging (MRI)", , , , , , , , , , , ,"58 ", , , , , , , , , , , , , , , , , ,""
"Line(00277)","59 "," Cardiac Catheterization", , , , , , , , , , , ,"59 ", , , , , , , , , , , , , , , , , ,""
"Line(00278)","60 "," Laboratory", , , , , , , , , , , ,"60 ", , , , , , , , , , , , , , , , , ,""
"Line(00279)","61 "," PBP Clinical Laboratory Services-Prgm. Only"," ", ," "," ", , ," "," "," "," ", ,"61 ", , , , , , , , , , , , , , , , , ,""
"Line(00280)","62 "," Whole Blood & Packed Red Blood Cells", , , , , , , , , , , ,"62 ", , , , , , , , , , , , , , , , , ,""
"Line(00281)","63 ","\" Blood Storing"," Processing"," & Trans.\"", , , , , , , , , , , ,"63 ", , , , , , , , , , , , , , , , , ,""
"Line(00282)","64 "," Intravenous Therapy", , , , , , , , , , , ,"64 ", , , , , , , , , , , , , , , , , ,""
"Line(00283)","65 "," Respiratory Therapy", , , , , , , , , , , ,"65 ", , , , , , , , , , , , , , , , , ,""
"Line(00284)","66 "," Physical Therapy", , , , , , , , , , , ,"66 ", , , , , , , , , , , , , , , , , ,""
"Line(00285)","67 "," Occupational Therapy", , , , , , , , , , , ,"67 ", , , , , , , , , , , , , , , , , ,""
"Line(00286)","68 "," Speech Pathology", , , , , , , , , , , ,"68 ", , , , , , , , , , , , , , , , , ,""
"Line(00287)", , , , , ,"Capital Cost","Operating Cost", , ,"Cost Net of","Total"
"Line(00288)", , , , ,"Total Cost","\"(Wkst B","\"","Net of", ,"Operating Cost","Capital and","Charges","Outpatient Cost"
"Line(00289)", , ,"Cost Center Descriptions", ,"\"(Wkst. B","\"","\"Part II"," \"","Capital Cost","Capital","Reduction","Operating Cost","\"(Worksheet C","\"","to Charge Ratio"
"Line(00290)", , , , ,"\"Part I"," col. 26)\"","col. 26)","(col. 1 - col. 2)","Reduction","Amount","Reduction","\"Part I"," column 8)\""
"Line(00291)", , , , ,"1","2","3","4","5","6","7","8"
"Line(00292)", , ,"ANCILLARY SERVICE COST CENTERS"
"Line(00293)", ,"50"," Operating Room", , , , , , , , , ,"50"
"Line(00294)", ,"51"," Recovery Room", , , , , , , , , ,"51"
"Line(00295)", ,"52"," Labor Room and Delivery Room ", , , , , , , , , ,"52"
"Line(00296)", ,"53"," Anesthesiology", , , , , , , , , ,"53"
"Line(00297)", ,"54"," Radiology-Diagnostic", , , , , , , , , ,"54"
"Line(00298)", ,"55"," Radiology-Therapeutic", , , , , , , , , ,"55"
"Line(00299)", ,"56"," Radioisotope", , , , , , , , , ,"56"
"Line(00300)", ,"57"," Computed Tomography (CT) Scan", , , , , , , , , ,"57"
"Line(00301)", ,"58"," Magnetic Resonance Imaging (MRI)", , , , , , , , , ,"58"
"Line(00302)", ,"59"," Cardiac Catherization", , , , , , , , , ,"59"
"Line(00303)", ,"60"," Laboratory", , , , , , , , , ,"60"
"Line(00304)", ,"61"," PBP Clinical Laboratory Services-Prgm. Only", , , , , , , , , ,"61"
"Line(00305)", ,"62"," Whole Blood & Packed Red Blood Cells", , , , , , , , , ,"62"
"Line(00306)", ,"63","\" Blood Storing"," Processing"," & Trans.\"", , , , , , , , , ,"63"
"Line(00307)", ,"64"," Intravenous Therapy", , , , , , , , , ,"64"
"Line(00308)", ,"65"," Respiratory Therapy", , , , , , , , , ,"65"
"Line(00309)", ,"66"," Physical Therapy", , , , , , , , , ,"66"
"Line(00310)", ,"67"," Occupational Therapy", , , , , , , , , ,"67"
"Line(00311)", ,"68"," Speech Pathology", , , , , , , , , ,"68"
"Line(00312)", ,"69"," Electrocardiology", , , , , , , , , ,"69"
"Line(00313)", ,"70"," Electroencephalography", , , , , , , , , ,"70"
"Line(00314)", ,"71"," Medical Supplies Charged to Patients", , , , , , , , , ,"71"
"Line(00315)", ,"72"," Implantable Devices Charged to Patients", , , , , , , , , ,"72"
"Line(00316)", ,"73"," Drugs Charged to Patients", , , , , , , , , ,"73"
"Line(00317)", ,"74"," Renal Dialysis", , , , , , , , , ,"74"
"Line(00318)", ,"75"," ASC (Non-Distinct Part)", , , , , , , , , ,"75"
"Line(00319)", ,"76"," Other Ancillary (specify)", , , , , , , , , ,"76"
"Line(00320)", , ,"4095 (Cont.)", , ,"FORM CMS 2552-10", , , , ,"08-11", , , ,""
"Line(00321)", , , ,"           ELECTRONIC REPORTING SPECIFICATIONS FOR FORM CMS 2552-10", , , , , , , , , , ,""
"Line(00322)", , , ,"                TABLE 5 - STANDARD COST CENTER DESCRIPTIONS AND CODES", , , , , , , , , , ,""
"Line(00323)", , , , , , , , , , , , , , ,""
"Line(00324)", , , , ,"CODE","USE", , , ,"CODE","USE", , , ,""
"Line(00325)", , , , , , , , , , , , , , ,""
"Line(00326)", , ,"     GENERAL SERVICE ", , , , , ,"     ANCILLARY SERVICE", , , , , ,""
"Line(00327)", , ,"        COST CENTERS ", , , , , ,"       COST CENTERS (Continued)", , , , , ,""
"Line(00328)", , , , , , , , , , , , , , ,""
"Line(00329)", , ,"Cap Rel Costs-Bldg & Fixt", ,"00100","(50)", , ,"Whole Blood & Packed Red Blood Cells","06200","(30)", , , ,""
"Line(00330)", , ,"Cap Rel Costs-Mvble Equip", ,"00200","(50)", , ,"\"Blood Storing"," Processing"," & Trans.\"","06300","(30)", , , ,""
"Line(00331)", , ,"Other Cap Related Cost", ,"00300","(01)", , ,"Intravenous Therapy","06400","(30)", , , ,""
"Line(00332)", , ,"Employee Benefits ", ,"00400","(20)", , ,"Respiratory Therapy","06500","(30)", , , ,""
"Line(00333)", , ,"Administrative & General", ,"00500","(40)", , ,"Physical Therapy","06600","(30)", , , ,""
"Line(00334)", , ,"Maintenance & Repairs ", ,"00600","(20)", , ,"Occupational Therapy","06700","(30)", , , ,""
"Line(00335)", , ,"Operation of Plant ", ,"00700","(20)", , ,"Speech Pathology","06800","(30)", , , ,""
"Line(00336)", , ,"Laundry & Linen Service", ,"00800","(20)", , ,"Electro cardiology","06900","(30)", , , ,""
"Line(00337)", , ,"Housekeeping ", ,"00900","(20)", , ,"Electroencephalography","07000","(30)", , , ,""
"Line(00338)", , ,"Dietary", ,"01000","(20)", , ,"Medical Supplies Charged to Patients","07100","(30)", , , ,""
"Line(00339)", , ,"Cafeteria", ,"01100","(20)", , ,"Implantable Devices Charged to Patients","07200","(30)", , , ,""
"Line(00340)", , ,"Maintenance of Personnel", ,"01200","(20)", , ,"Drugs Charged to Patients","07300","(30)", , , ,""
"Line(00341)", , ,"Nursing Administration", ,"01300","(20)", , ,"Renal Dialysis","07400","(01)", , , ,""
"Line(00342)", , ,"Central Services & Supply", ,"01400","(20)", , ,"ASC (Non-Distinct Part)","07500","(30)", , , ,""
"Line(00343)", , ,"Pharmacy", ,"01500","(20)", , , , , , , , ,""
"Line(00344)", , ,"Medical Records & Library", ,"01600","(20)", , ,"     OUTPATIENT SERVICE", , , , , ,""
"Line(00345)", , ,"Social Service ", ,"01700","(20)", , ,"          COST CENTERS", , , , , ,""
"Line(00346)", , ,"Nonphysician Anesthetists ", ,"01900","(20)", , , , , , , , ,""
"Line(00347)", , ,"Nursing School ", ,"02000","(20)", , ,"Rural Health Clinic (RHC)","08800","(25)", , , ,""
"Line(00348)", , ,"I&R Services-Salary & Fringes Apprvd", ,"02100","(20)", , ,"Federally Qualified Health Center (FQHC)","08900","(25)", , , ,""
"Line(00349)", , ,"I&R Services-Other Prgm. Costs Apprvd", ,"02200","(20)", , ,"Clinic ","09000","(99)", , , ,""
"Line(00350)", , ,"Paramed. Ed. Prgm.-(specify)", ,"02300","(100)", , ,"Emergency ","09100","(20)", , , ,""
"Line(00351)", , , , , , , , ,"Observation Beds (Non-Distinct Part)","09200","(01)", , , ,""
"Line(00352)", , ,"     INPATIENT ROUTINE SERVICE ", , , , , , , , , , , ,""
"Line(00353)", , ,"             COST CENTERS", , , , , ,"     OTHER REIMBURSABLE COST CENTERS", , , , , ,""
"Line(00354)", , ,"                                                 ", , , , , , , , , , , ,""
"Line(00355)", , ,"Adults & Pediatrics", ,"03000","(01)", , ,"Home Program Dialysis","09400","(01)", , , ,""
"Line(00356)", , ,"Intensive Care Unit ", ,"03100","(20)", , ,"Ambulance Services","09500","(01)", , , ,""
"Line(00357)", , ,"Coronary Care Unit", ,"03200","(20)", , ,"Durable Medical Equip. - Rented","09600","(20)", , , ,""
"Line(00358)", , ,"Burn Intensive Care Unit", ,"03300","(20)", , ,"Durable Medical Equip. - Sold ","09700","(20)", , , ,""
"Line(00359)", , ,"Surgical Intensive Care Unit ", ,"03400","(20)", , ,"I&R Services - Not Apprvd. Prgm.","10000","(01)", , , ,""
"Line(00360)", , ,"Subprovider - IPF", ,"04000","(1)", , ,"Home Health Agency","10100","(10)", , , ,""
"Line(00361)","08-11", , ,"     FORM CMS-2552-10", , , ,"4090 (Cont.)"
"Line(00362)","COMPUTATION OF INPATIENT", , ," PROVIDER CCN.: ______________", ," PERIOD:","\" WORKSHEET D-1","\"",""
"Line(00363)","OPERATING COST", , , , ," FROM ____________"," PART I",""
"Line(00364)", , , ," COMPONENT CCN.: ____________", ," TO _______________", ,""
"Line(00365)","Check", ,"   [ ]  Title V - I/P","   [ ]  Hospital","[ ] Subprovider (other)","      [ ]  ICF/MR","   [ ]  PPS",""
"Line(00366)","applicable", ,"\"   [ ]  Title XVIII"," Part A\"","   [ ]  IPF ","[ ]  SNF", ,"   [ ]  TEFRA",""
"Line(00367)","boxes:", ,"   [ ]  Title XIX - I/P","   [ ]  IRF", , ,"   [ ]  Other",""
"Line(00368)","PART  I  -  ALL PROVIDER COMPONENTS", , , , , , ,""
"Line(00369)", , , ,"INPATIENT DAYS", , , ,""
"Line(00370)","1 ","\" Inpatient days (including private room days and swing-bed days"," excluding newborn)\"", , , , , ,"1 "
"Line(00371)","2 ","\" Inpatient days (including private room days"," excluding swing-bed and newborn days)\"", , , , , ,"2 "
"Line(00372)","3 "," Private room days (excluding swing-bed and observation bed days)", , , , , ,"3 "
"Line(00373)","4 "," Semi-private room days (excluding swing-bed and observation bed days)", , , , , ,"4 "
"Line(00374)","5 "," Total swing-bed SNF type inpatient days (including private room days) through December 31 of the cost reporting period", , , , , ,"5 "
"Line(00375)","6 "," Total swing-bed SNF type inpatient days (including private room days) after December 31 of the cost reporting period (if", , , , , ,"6 "
"Line(00376)", ,"\" calendar year"," enter 0 on this line)\"", , , , , ,""
"Line(00377)","7 "," Total swing-bed NF type inpatient days (including private room days) through December 31 of the cost reporting period", , , , , ,"7 "
"Line(00378)","8 "," Total swing-bed NF type inpatient days (including private room days) after December 31 of the cost reporting period (if", , , , , ,"8 "
"Line(00379)", ,"\" calendar year"," enter 0 on this line) \"", , , , , ,""
"Line(00380)","9 "," Total inpatient days including private room days applicable to the Program (excluding swing-bed and newborn days)", , , , , ,"9 "
"Line(00381)","10 "," Swing-bed SNF type inpatient days applicable to title XVIII only (including private room days) through December 31 of the", , , , , ,"10 "
"Line(00382)", ,"  cost reporting period (see instructions).", , , , , ,""
"Line(00383)","11 "," Swing-bed SNF type inpatient days applicable to title XVIII only (including private room days) after  December 31 of the", , , , , ,"11 "
"Line(00384)", ,"\"  cost reporting period (if calendar year"," enter 0 on this line)\"", , , , , ,""
"Line(00385)","12 "," Swing-bed NF type inpatient days applicable to titles V or XIX only (including private room days) through December 31 of", , , , , ,"12 "
"Line(00386)", ,"  the cost reporting period.", , , , , ,""
"Line(00387)","13 "," Swing-bed NF type inpatient days applicable to titles V or XIX only (including private room days) after December 31 of the", , , , , ,"13 "
"Line(00388)", ,"\" cost reporting period (if calendar year"," enter 0 on this line) \"", , , , , ,""
"Line(00389)","14 "," Medically necessary private room days applicable to the Program (excluding swing-bed days)", , , , , ,"14 "
"Line(00390)","15 "," Total nursery days (title V or XIX only)", , , , , ,"15 "